image_file,season
/Users/nithyapandurangan/Desktop/Colour-Analysis-Tool/flask/Dataset/Seasons/soft_autumn_71.jpg,soft autumn
/Users/nithyapandurangan/Desktop/Colour-Analysis-Tool/flask/Dataset/Seasons/dark_autumn_33.jpg,dark autumn
/Users/nithyapandurangan/Desktop/Colour-Analysis-Tool/flask/Dataset/Seasons/dark_autumn_58.jpg,dark autumn
/Users/nithyapandurangan/Desktop/Colour-Analysis-Tool/flask/Dataset/Seasons/dark_autumn_79.jpg,dark autumn
/Users/nithyapandurangan/Desktop/Colour-Analysis-Tool/flask/Dataset/Seasons/true_winter_43.jpg,true winter
/Users/nithyapandurangan/Desktop/Colour-Analysis-Tool/flask/Dataset/Seasons/true_spring_4.jpg,true spring
/Users/nithyapandurangan/Desktop/Colour-Analysis-Tool/flask/Dataset/Seasons/bright_winter_35.jpg,bright winter
/Users/nithyapandurangan/Desktop/Colour-Analysis-Tool/flask/Dataset/Seasons/light_summer_55.jpg,light summer
/Users/nithyapandurangan/Desktop/Colour-Analysis-Tool/flask/Dataset/Seasons/soft_summer_37.jpg,soft summer
/Users/nithyapandurangan/Desktop/Colour-Analysis-Tool/flask/Dataset/Seasons/true_autumn_24.jpg,true autumn
/Users/nithyapandurangan/Desktop/Colour-Analysis-Tool/flask/Dataset/Seasons/light_summer_17.jpg,light summer
/Users/nithyapandurangan/Desktop/Colour-Analysis-Tool/flask/Dataset/Seasons/true_autumn_23.jpg,true autumn
/Users/nithyapandurangan/Desktop/Colour-Analysis-Tool/flask/Dataset/Seasons/true_spring_31.jpg,true spring
/Users/nithyapandurangan/Desktop/Colour-Analysis-Tool/flask/Dataset/Seasons/true_autumn_17.jpg,true autumn
/Users/nithyapandurangan/Desktop/Colour-Analysis-Tool/flask/Dataset/Seasons/true_winter_6.jpg,true winter
/Users/nithyapandurangan/Desktop/Colour-Analysis-Tool/flask/Dataset/Seasons/dark_autumn_80.jpg,dark autumn
/Users/nithyapandurangan/Desktop/Colour-Analysis-Tool/flask/Dataset/Seasons/light_spring_48.jpg,light spring
/Users/nithyapandurangan/Desktop/Colour-Analysis-Tool/flask/Dataset/Seasons/bright_winter_36.jpg,bright winter
/Users/nithyapandurangan/Desktop/Colour-Analysis-Tool/flask/Dataset/Seasons/light_spring_44.jpg,light spring
/Users/nithyapandurangan/Desktop/Colour-Analysis-Tool/flask/Dataset/Seasons/soft_summer_26.jpg,soft summer
/Users/nithyapandurangan/Desktop/Colour-Analysis-Tool/flask/Dataset/Seasons/bright_winter_25.png,bright winter
/Users/nithyapandurangan/Desktop/Colour-Analysis-Tool/flask/Dataset/Seasons/soft_autumn_3.jpg,soft autumn
/Users/nithyapandurangan/Desktop/Colour-Analysis-Tool/flask/Dataset/Seasons/bright_spring_38.jpg,bright spring
/Users/nithyapandurangan/Desktop/Colour-Analysis-Tool/flask/Dataset/Seasons/dark_winter_32.jpg,dark winter
/Users/nithyapandurangan/Desktop/Colour-Analysis-Tool/flask/Dataset/Seasons/soft_autumn_64.png,soft autumn
/Users/nithyapandurangan/Desktop/Colour-Analysis-Tool/flask/Dataset/Seasons/dark_autumn_45.jpg,dark autumn
/Users/nithyapandurangan/Desktop/Colour-Analysis-Tool/flask/Dataset/Seasons/dark_autumn_12.jpg,dark autumn
/Users/nithyapandurangan/Desktop/Colour-Analysis-Tool/flask/Dataset/Seasons/true_winter_45.jpg,true winter
/Users/nithyapandurangan/Desktop/Colour-Analysis-Tool/flask/Dataset/Seasons/dark_winter_61.jpg,dark winter
/Users/nithyapandurangan/Desktop/Colour-Analysis-Tool/flask/Dataset/Seasons/soft_autumn_5.jpg,soft autumn
/Users/nithyapandurangan/Desktop/Colour-Analysis-Tool/flask/Dataset/Seasons/true_spring_13.jpg,true spring
/Users/nithyapandurangan/Desktop/Colour-Analysis-Tool/flask/Dataset/Seasons/soft_autumn_58.jpg,soft autumn
/Users/nithyapandurangan/Desktop/Colour-Analysis-Tool/flask/Dataset/Seasons/bright_winter_32.jpg,bright winter
/Users/nithyapandurangan/Desktop/Colour-Analysis-Tool/flask/Dataset/Seasons/dark_winter_42.jpg,dark winter
/Users/nithyapandurangan/Desktop/Colour-Analysis-Tool/flask/Dataset/Seasons/bright_winter_15.png,bright winter
/Users/nithyapandurangan/Desktop/Colour-Analysis-Tool/flask/Dataset/Seasons/soft_autumn_22.png,soft autumn
/Users/nithyapandurangan/Desktop/Colour-Analysis-Tool/flask/Dataset/Seasons/true_winter_25.jpg,true winter
/Users/nithyapandurangan/Desktop/Colour-Analysis-Tool/flask/Dataset/Seasons/true_autumn_11.jpg,true autumn
/Users/nithyapandurangan/Desktop/Colour-Analysis-Tool/flask/Dataset/Seasons/true_winter_23.jpg,true winter
/Users/nithyapandurangan/Desktop/Colour-Analysis-Tool/flask/Dataset/Seasons/dark_autumn_29.png,dark autumn
/Users/nithyapandurangan/Desktop/Colour-Analysis-Tool/flask/Dataset/Seasons/true_autumn_79.jpg,true autumn
/Users/nithyapandurangan/Desktop/Colour-Analysis-Tool/flask/Dataset/Seasons/true_spring_49.jpg,true spring
/Users/nithyapandurangan/Desktop/Colour-Analysis-Tool/flask/Dataset/Seasons/true_spring_3.jpg,true spring
/Users/nithyapandurangan/Desktop/Colour-Analysis-Tool/flask/Dataset/Seasons/true_spring_2.jpg,true spring
/Users/nithyapandurangan/Desktop/Colour-Analysis-Tool/flask/Dataset/Seasons/light_summer_36.jpg,light summer
/Users/nithyapandurangan/Desktop/Colour-Analysis-Tool/flask/Dataset/Seasons/dark_autumn_81.jpg,dark autumn
/Users/nithyapandurangan/Desktop/Colour-Analysis-Tool/flask/Dataset/Seasons/bright_spring_8.jpg,bright spring
/Users/nithyapandurangan/Desktop/Colour-Analysis-Tool/flask/Dataset/Seasons/soft_autumn_15.jpg,soft autumn
/Users/nithyapandurangan/Desktop/Colour-Analysis-Tool/flask/Dataset/Seasons/bright_spring_37.jpg,bright spring
/Users/nithyapandurangan/Desktop/Colour-Analysis-Tool/flask/Dataset/Seasons/bright_winter_7.jpg,bright winter
/Users/nithyapandurangan/Desktop/Colour-Analysis-Tool/flask/Dataset/Seasons/light_summer_32.jpg,light summer
/Users/nithyapandurangan/Desktop/Colour-Analysis-Tool/flask/Dataset/Seasons/dark_winter_28.jpg,dark winter
/Users/nithyapandurangan/Desktop/Colour-Analysis-Tool/flask/Dataset/Seasons/light_spring_20.jpg,light spring
/Users/nithyapandurangan/Desktop/Colour-Analysis-Tool/flask/Dataset/Seasons/bright_spring_40.jpg,bright spring
/Users/nithyapandurangan/Desktop/Colour-Analysis-Tool/flask/Dataset/Seasons/dark_autumn_82.jpg,dark autumn
/Users/nithyapandurangan/Desktop/Colour-Analysis-Tool/flask/Dataset/Seasons/soft_autumn_69.jpeg,soft autumn
/Users/nithyapandurangan/Desktop/Colour-Analysis-Tool/flask/Dataset/Seasons/true_summer_16.jpg,true summer
/Users/nithyapandurangan/Desktop/Colour-Analysis-Tool/flask/Dataset/Seasons/true_autumn_72.jpg,true autumn
/Users/nithyapandurangan/Desktop/Colour-Analysis-Tool/flask/Dataset/Seasons/true_autumn_49.jpg,true autumn
/Users/nithyapandurangan/Desktop/Colour-Analysis-Tool/flask/Dataset/Seasons/light_summer_7.jpg,light summer
/Users/nithyapandurangan/Desktop/Colour-Analysis-Tool/flask/Dataset/Seasons/bright_winter_33.jpg,bright winter
/Users/nithyapandurangan/Desktop/Colour-Analysis-Tool/flask/Dataset/Seasons/soft_summer_39.jpg,soft summer
/Users/nithyapandurangan/Desktop/Colour-Analysis-Tool/flask/Dataset/Seasons/true_autumn_9.jpg,true autumn
/Users/nithyapandurangan/Desktop/Colour-Analysis-Tool/flask/Dataset/Seasons/true_autumn_56.jpg,true autumn
/Users/nithyapandurangan/Desktop/Colour-Analysis-Tool/flask/Dataset/Seasons/true_spring_7.jpg,true spring
/Users/nithyapandurangan/Desktop/Colour-Analysis-Tool/flask/Dataset/Seasons/dark_autumn_48.jpg,dark autumn
/Users/nithyapandurangan/Desktop/Colour-Analysis-Tool/flask/Dataset/Seasons/true_winter_21.jpg,true winter
/Users/nithyapandurangan/Desktop/Colour-Analysis-Tool/flask/Dataset/Seasons/dark_winter_46.jpg,dark winter
/Users/nithyapandurangan/Desktop/Colour-Analysis-Tool/flask/Dataset/Seasons/true_spring_47.jpg,true spring
/Users/nithyapandurangan/Desktop/Colour-Analysis-Tool/flask/Dataset/Seasons/true_summer_5.jpg,true summer
/Users/nithyapandurangan/Desktop/Colour-Analysis-Tool/flask/Dataset/Seasons/true_autumn_28.jpg,true autumn
/Users/nithyapandurangan/Desktop/Colour-Analysis-Tool/flask/Dataset/Seasons/true_spring_5.jpg,true spring
/Users/nithyapandurangan/Desktop/Colour-Analysis-Tool/flask/Dataset/Seasons/dark_winter_24.png,dark winter
/Users/nithyapandurangan/Desktop/Colour-Analysis-Tool/flask/Dataset/Seasons/dark_autumn_78.jpg,dark autumn
/Users/nithyapandurangan/Desktop/Colour-Analysis-Tool/flask/Dataset/Seasons/light_summer_19.png,light summer
/Users/nithyapandurangan/Desktop/Colour-Analysis-Tool/flask/Dataset/Seasons/soft_autumn_66.jpg,soft autumn
/Users/nithyapandurangan/Desktop/Colour-Analysis-Tool/flask/Dataset/Seasons/dark_winter_50.jpg,dark winter
/Users/nithyapandurangan/Desktop/Colour-Analysis-Tool/flask/Dataset/Seasons/light_summer_31.jpg,light summer
/Users/nithyapandurangan/Desktop/Colour-Analysis-Tool/flask/Dataset/Seasons/soft_autumn_7.jpg,soft autumn
/Users/nithyapandurangan/Desktop/Colour-Analysis-Tool/flask/Dataset/Seasons/true_autumn_87.jpg,true autumn
/Users/nithyapandurangan/Desktop/Colour-Analysis-Tool/flask/Dataset/Seasons/dark_winter_16.jpg,dark winter
/Users/nithyapandurangan/Desktop/Colour-Analysis-Tool/flask/Dataset/Seasons/bright_spring_43.png,bright spring
/Users/nithyapandurangan/Desktop/Colour-Analysis-Tool/flask/Dataset/Seasons/soft_summer_32.jpg,soft summer
/Users/nithyapandurangan/Desktop/Colour-Analysis-Tool/flask/Dataset/Seasons/true_spring_12.jpg,true spring
/Users/nithyapandurangan/Desktop/Colour-Analysis-Tool/flask/Dataset/Seasons/true_autumn_38.jpg,true autumn
/Users/nithyapandurangan/Desktop/Colour-Analysis-Tool/flask/Dataset/Seasons/true_autumn_44.jpg,true autumn
/Users/nithyapandurangan/Desktop/Colour-Analysis-Tool/flask/Dataset/Seasons/soft_autumn_28.jpg,soft autumn
/Users/nithyapandurangan/Desktop/Colour-Analysis-Tool/flask/Dataset/Seasons/true_spring_22.png,true spring
/Users/nithyapandurangan/Desktop/Colour-Analysis-Tool/flask/Dataset/Seasons/true_spring_27.jpg,true spring
/Users/nithyapandurangan/Desktop/Colour-Analysis-Tool/flask/Dataset/Seasons/light_summer_10.jpg,light summer
/Users/nithyapandurangan/Desktop/Colour-Analysis-Tool/flask/Dataset/Seasons/light_summer_20.jpg,light summer
/Users/nithyapandurangan/Desktop/Colour-Analysis-Tool/flask/Dataset/Seasons/bright_winter_40.jpg,bright winter
/Users/nithyapandurangan/Desktop/Colour-Analysis-Tool/flask/Dataset/Seasons/bright_spring_49.jpg,bright spring
/Users/nithyapandurangan/Desktop/Colour-Analysis-Tool/flask/Dataset/Seasons/bright_winter_2.jpg,bright winter
/Users/nithyapandurangan/Desktop/Colour-Analysis-Tool/flask/Dataset/Seasons/true_winter_44.jpg,true winter
/Users/nithyapandurangan/Desktop/Colour-Analysis-Tool/flask/Dataset/Seasons/dark_winter_60.jpg,dark winter
/Users/nithyapandurangan/Desktop/Colour-Analysis-Tool/flask/Dataset/Seasons/light_spring_50.jpg,light spring
/Users/nithyapandurangan/Desktop/Colour-Analysis-Tool/flask/Dataset/Seasons/light_summer_37.jpg,light summer
/Users/nithyapandurangan/Desktop/Colour-Analysis-Tool/flask/Dataset/Seasons/bright_spring_44.jpg,bright spring
/Users/nithyapandurangan/Desktop/Colour-Analysis-Tool/flask/Dataset/Seasons/true_spring_54.jpg,true spring
/Users/nithyapandurangan/Desktop/Colour-Analysis-Tool/flask/Dataset/Seasons/true_summer_8.jpg,true summer
/Users/nithyapandurangan/Desktop/Colour-Analysis-Tool/flask/Dataset/Seasons/true_autumn_10.jpg,true autumn
/Users/nithyapandurangan/Desktop/Colour-Analysis-Tool/flask/Dataset/Seasons/true_autumn_18.jpg,true autumn
/Users/nithyapandurangan/Desktop/Colour-Analysis-Tool/flask/Dataset/Seasons/bright_winter_38.png,bright winter
/Users/nithyapandurangan/Desktop/Colour-Analysis-Tool/flask/Dataset/Seasons/dark_autumn_26.jpg,dark autumn
/Users/nithyapandurangan/Desktop/Colour-Analysis-Tool/flask/Dataset/Seasons/light_summer_2.jpg,light summer
/Users/nithyapandurangan/Desktop/Colour-Analysis-Tool/flask/Dataset/Seasons/true_summer_23.jpg,true summer
/Users/nithyapandurangan/Desktop/Colour-Analysis-Tool/flask/Dataset/Seasons/true_autumn_32.jpg,true autumn
/Users/nithyapandurangan/Desktop/Colour-Analysis-Tool/flask/Dataset/Seasons/true_spring_39.jpg,true spring
/Users/nithyapandurangan/Desktop/Colour-Analysis-Tool/flask/Dataset/Seasons/dark_autumn_77.jpeg,dark autumn
/Users/nithyapandurangan/Desktop/Colour-Analysis-Tool/flask/Dataset/Seasons/true_winter_24.jpg,true winter
/Users/nithyapandurangan/Desktop/Colour-Analysis-Tool/flask/Dataset/Seasons/dark_autumn_92.jpg,dark autumn
/Users/nithyapandurangan/Desktop/Colour-Analysis-Tool/flask/Dataset/Seasons/light_spring_17.jpg,light spring
/Users/nithyapandurangan/Desktop/Colour-Analysis-Tool/flask/Dataset/Seasons/true_summer_7.jpg,true summer
/Users/nithyapandurangan/Desktop/Colour-Analysis-Tool/flask/Dataset/Seasons/true_summer_11.jpg,true summer
/Users/nithyapandurangan/Desktop/Colour-Analysis-Tool/flask/Dataset/Seasons/soft_autumn_45.jpg,soft autumn
/Users/nithyapandurangan/Desktop/Colour-Analysis-Tool/flask/Dataset/Seasons/true_autumn_29.jpg,true autumn
/Users/nithyapandurangan/Desktop/Colour-Analysis-Tool/flask/Dataset/Seasons/true_winter_3.jpg,true winter
/Users/nithyapandurangan/Desktop/Colour-Analysis-Tool/flask/Dataset/Seasons/true_spring_25.jpg,true spring
/Users/nithyapandurangan/Desktop/Colour-Analysis-Tool/flask/Dataset/Seasons/true_winter_12.jpg,true winter
/Users/nithyapandurangan/Desktop/Colour-Analysis-Tool/flask/Dataset/Seasons/dark_winter_20.jpg,dark winter
/Users/nithyapandurangan/Desktop/Colour-Analysis-Tool/flask/Dataset/Seasons/soft_summer_50.jpg,soft summer
/Users/nithyapandurangan/Desktop/Colour-Analysis-Tool/flask/Dataset/Seasons/dark_autumn_25.png,dark autumn
/Users/nithyapandurangan/Desktop/Colour-Analysis-Tool/flask/Dataset/Seasons/light_summer_45.jpg,light summer
/Users/nithyapandurangan/Desktop/Colour-Analysis-Tool/flask/Dataset/Seasons/light_spring_40.png,light spring
/Users/nithyapandurangan/Desktop/Colour-Analysis-Tool/flask/Dataset/Seasons/true_winter_40.jpg,true winter
/Users/nithyapandurangan/Desktop/Colour-Analysis-Tool/flask/Dataset/Seasons/dark_autumn_4.jpg,dark autumn
/Users/nithyapandurangan/Desktop/Colour-Analysis-Tool/flask/Dataset/Seasons/bright_spring_5.jpg,bright spring
/Users/nithyapandurangan/Desktop/Colour-Analysis-Tool/flask/Dataset/Seasons/soft_summer_15.jpg,soft summer
/Users/nithyapandurangan/Desktop/Colour-Analysis-Tool/flask/Dataset/Seasons/soft_autumn_67.jpg,soft autumn
/Users/nithyapandurangan/Desktop/Colour-Analysis-Tool/flask/Dataset/Seasons/true_spring_32.jpg,true spring
/Users/nithyapandurangan/Desktop/Colour-Analysis-Tool/flask/Dataset/Seasons/dark_winter_34.jpg,dark winter
/Users/nithyapandurangan/Desktop/Colour-Analysis-Tool/flask/Dataset/Seasons/true_autumn_20.jpg,true autumn
/Users/nithyapandurangan/Desktop/Colour-Analysis-Tool/flask/Dataset/Seasons/dark_winter_30.jpg,dark winter
/Users/nithyapandurangan/Desktop/Colour-Analysis-Tool/flask/Dataset/Seasons/light_spring_36.jpg,light spring
/Users/nithyapandurangan/Desktop/Colour-Analysis-Tool/flask/Dataset/Seasons/true_autumn_71.jpg,true autumn
/Users/nithyapandurangan/Desktop/Colour-Analysis-Tool/flask/Dataset/Seasons/dark_winter_4.png,dark winter
/Users/nithyapandurangan/Desktop/Colour-Analysis-Tool/flask/Dataset/Seasons/soft_summer_45.png,soft summer
/Users/nithyapandurangan/Desktop/Colour-Analysis-Tool/flask/Dataset/Seasons/light_summer_53.png,light summer
/Users/nithyapandurangan/Desktop/Colour-Analysis-Tool/flask/Dataset/Seasons/true_spring_34.jpg,true spring
/Users/nithyapandurangan/Desktop/Colour-Analysis-Tool/flask/Dataset/Seasons/true_spring_9.jpg,true spring
/Users/nithyapandurangan/Desktop/Colour-Analysis-Tool/flask/Dataset/Seasons/soft_summer_23.jpg,soft summer
/Users/nithyapandurangan/Desktop/Colour-Analysis-Tool/flask/Dataset/Seasons/true_winter_2.jpg,true winter
/Users/nithyapandurangan/Desktop/Colour-Analysis-Tool/flask/Dataset/Seasons/true_winter_52.png,true winter
/Users/nithyapandurangan/Desktop/Colour-Analysis-Tool/flask/Dataset/Seasons/soft_autumn_29.jpg,soft autumn
/Users/nithyapandurangan/Desktop/Colour-Analysis-Tool/flask/Dataset/Seasons/true_autumn_46.jpg,true autumn
/Users/nithyapandurangan/Desktop/Colour-Analysis-Tool/flask/Dataset/Seasons/true_spring_44.jpg,true spring
/Users/nithyapandurangan/Desktop/Colour-Analysis-Tool/flask/Dataset/Seasons/dark_autumn_64.jpg,dark autumn
/Users/nithyapandurangan/Desktop/Colour-Analysis-Tool/flask/Dataset/Seasons/light_summer_33.jpg,light summer
/Users/nithyapandurangan/Desktop/Colour-Analysis-Tool/flask/Dataset/Seasons/true_summer_10.jpeg,true summer
/Users/nithyapandurangan/Desktop/Colour-Analysis-Tool/flask/Dataset/Seasons/soft_summer_38.jpg,soft summer
/Users/nithyapandurangan/Desktop/Colour-Analysis-Tool/flask/Dataset/Seasons/soft_summer_35.jpg,soft summer
/Users/nithyapandurangan/Desktop/Colour-Analysis-Tool/flask/Dataset/Seasons/bright_spring_14.jpg,bright spring
/Users/nithyapandurangan/Desktop/Colour-Analysis-Tool/flask/Dataset/Seasons/soft_summer_2.jpg,soft summer
/Users/nithyapandurangan/Desktop/Colour-Analysis-Tool/flask/Dataset/Seasons/soft_summer_54.jpg,soft summer
/Users/nithyapandurangan/Desktop/Colour-Analysis-Tool/flask/Dataset/Seasons/true_autumn_26.jpg,true autumn
/Users/nithyapandurangan/Desktop/Colour-Analysis-Tool/flask/Dataset/Seasons/bright_winter_10.jpg,bright winter
/Users/nithyapandurangan/Desktop/Colour-Analysis-Tool/flask/Dataset/Seasons/soft_autumn_57.jpg,soft autumn
/Users/nithyapandurangan/Desktop/Colour-Analysis-Tool/flask/Dataset/Seasons/dark_winter_63.jpg,dark winter
/Users/nithyapandurangan/Desktop/Colour-Analysis-Tool/flask/Dataset/Seasons/soft_autumn_2.png,soft autumn
/Users/nithyapandurangan/Desktop/Colour-Analysis-Tool/flask/Dataset/Seasons/true_spring_45.jpg,true spring
/Users/nithyapandurangan/Desktop/Colour-Analysis-Tool/flask/Dataset/Seasons/true_autumn_61.jpg,true autumn
/Users/nithyapandurangan/Desktop/Colour-Analysis-Tool/flask/Dataset/Seasons/true_summer_2.jpg,true summer
/Users/nithyapandurangan/Desktop/Colour-Analysis-Tool/flask/Dataset/Seasons/true_winter_13.jpg,true winter
/Users/nithyapandurangan/Desktop/Colour-Analysis-Tool/flask/Dataset/Seasons/bright_winter_41.jpg,bright winter
/Users/nithyapandurangan/Desktop/Colour-Analysis-Tool/flask/Dataset/Seasons/true_spring_10.jpg,true spring
/Users/nithyapandurangan/Desktop/Colour-Analysis-Tool/flask/Dataset/Seasons/light_summer_21.jpg,light summer
/Users/nithyapandurangan/Desktop/Colour-Analysis-Tool/flask/Dataset/Seasons/soft_summer_9.jpg,soft summer
/Users/nithyapandurangan/Desktop/Colour-Analysis-Tool/flask/Dataset/Seasons/bright_spring_50.jpg,bright spring
/Users/nithyapandurangan/Desktop/Colour-Analysis-Tool/flask/Dataset/Seasons/light_spring_8.jpg,light spring
/Users/nithyapandurangan/Desktop/Colour-Analysis-Tool/flask/Dataset/Seasons/true_winter_4.jpg,true winter
/Users/nithyapandurangan/Desktop/Colour-Analysis-Tool/flask/Dataset/Seasons/bright_spring_39.jpg,bright spring
/Users/nithyapandurangan/Desktop/Colour-Analysis-Tool/flask/Dataset/Seasons/soft_autumn_42.jpg,soft autumn
/Users/nithyapandurangan/Desktop/Colour-Analysis-Tool/flask/Dataset/Seasons/true_summer_15.jpg,true summer
/Users/nithyapandurangan/Desktop/Colour-Analysis-Tool/flask/Dataset/Seasons/dark_winter_57.jpg,dark winter
/Users/nithyapandurangan/Desktop/Colour-Analysis-Tool/flask/Dataset/Seasons/dark_autumn_46.jpg,dark autumn
/Users/nithyapandurangan/Desktop/Colour-Analysis-Tool/flask/Dataset/Seasons/dark_winter_1.jpg,dark winter
/Users/nithyapandurangan/Desktop/Colour-Analysis-Tool/flask/Dataset/Seasons/dark_autumn_55.jpg,dark autumn
/Users/nithyapandurangan/Desktop/Colour-Analysis-Tool/flask/Dataset/Seasons/true_winter_31.jpg,true winter
/Users/nithyapandurangan/Desktop/Colour-Analysis-Tool/flask/Dataset/Seasons/true_summer_24.jpg,true summer
/Users/nithyapandurangan/Desktop/Colour-Analysis-Tool/flask/Dataset/Seasons/true_winter_39.jpg,true winter
/Users/nithyapandurangan/Desktop/Colour-Analysis-Tool/flask/Dataset/Seasons/true_spring_53.jpg,true spring
/Users/nithyapandurangan/Desktop/Colour-Analysis-Tool/flask/Dataset/Seasons/light_summer_11.jpg,light summer
/Users/nithyapandurangan/Desktop/Colour-Analysis-Tool/flask/Dataset/Seasons/true_spring_35.jpg,true spring
/Users/nithyapandurangan/Desktop/Colour-Analysis-Tool/flask/Dataset/Seasons/soft_autumn_54.jpg,soft autumn
/Users/nithyapandurangan/Desktop/Colour-Analysis-Tool/flask/Dataset/Seasons/soft_summer_18.jpg,soft summer
/Users/nithyapandurangan/Desktop/Colour-Analysis-Tool/flask/Dataset/Seasons/dark_autumn_17.jpg,dark autumn
/Users/nithyapandurangan/Desktop/Colour-Analysis-Tool/flask/Dataset/Seasons/dark_autumn_76.jpg,dark autumn
/Users/nithyapandurangan/Desktop/Colour-Analysis-Tool/flask/Dataset/Seasons/soft_autumn_74.png,soft autumn
/Users/nithyapandurangan/Desktop/Colour-Analysis-Tool/flask/Dataset/Seasons/soft_autumn_9.jpg,soft autumn
/Users/nithyapandurangan/Desktop/Colour-Analysis-Tool/flask/Dataset/Seasons/soft_summer_21.png,soft summer
/Users/nithyapandurangan/Desktop/Colour-Analysis-Tool/flask/Dataset/Seasons/dark_autumn_63.jpg,dark autumn
/Users/nithyapandurangan/Desktop/Colour-Analysis-Tool/flask/Dataset/Seasons/true_spring_36.jpg,true spring
/Users/nithyapandurangan/Desktop/Colour-Analysis-Tool/flask/Dataset/Seasons/light_spring_11.jpg,light spring
/Users/nithyapandurangan/Desktop/Colour-Analysis-Tool/flask/Dataset/Seasons/true_autumn_30.jpg,true autumn
/Users/nithyapandurangan/Desktop/Colour-Analysis-Tool/flask/Dataset/Seasons/bright_spring_22.jpg,bright spring
/Users/nithyapandurangan/Desktop/Colour-Analysis-Tool/flask/Dataset/Seasons/dark_autumn_10.jpg,dark autumn
/Users/nithyapandurangan/Desktop/Colour-Analysis-Tool/flask/Dataset/Seasons/light_spring_35.jpg,light spring
/Users/nithyapandurangan/Desktop/Colour-Analysis-Tool/flask/Dataset/Seasons/light_summer_9.jpg,light summer
/Users/nithyapandurangan/Desktop/Colour-Analysis-Tool/flask/Dataset/Seasons/true_autumn_48.jpg,true autumn
/Users/nithyapandurangan/Desktop/Colour-Analysis-Tool/flask/Dataset/Seasons/true_autumn_77.jpg,true autumn
/Users/nithyapandurangan/Desktop/Colour-Analysis-Tool/flask/Dataset/Seasons/dark_autumn_36.jpg,dark autumn
/Users/nithyapandurangan/Desktop/Colour-Analysis-Tool/flask/Dataset/Seasons/light_spring_19.jpg,light spring
/Users/nithyapandurangan/Desktop/Colour-Analysis-Tool/flask/Dataset/Seasons/true_winter_14.jpg,true winter
/Users/nithyapandurangan/Desktop/Colour-Analysis-Tool/flask/Dataset/Seasons/dark_winter_9.png,dark winter
/Users/nithyapandurangan/Desktop/Colour-Analysis-Tool/flask/Dataset/Seasons/true_spring_18.jpg,true spring
/Users/nithyapandurangan/Desktop/Colour-Analysis-Tool/flask/Dataset/Seasons/true_spring_20.jpg,true spring
/Users/nithyapandurangan/Desktop/Colour-Analysis-Tool/flask/Dataset/Seasons/true_autumn_63.jpg,true autumn
/Users/nithyapandurangan/Desktop/Colour-Analysis-Tool/flask/Dataset/Seasons/true_winter_46.jpg,true winter
/Users/nithyapandurangan/Desktop/Colour-Analysis-Tool/flask/Dataset/Seasons/bright_winter_18.jpeg,bright winter
/Users/nithyapandurangan/Desktop/Colour-Analysis-Tool/flask/Dataset/Seasons/soft_autumn_47.jpg,soft autumn
/Users/nithyapandurangan/Desktop/Colour-Analysis-Tool/flask/Dataset/Seasons/true_autumn_4.jpg,true autumn
/Users/nithyapandurangan/Desktop/Colour-Analysis-Tool/flask/Dataset/Seasons/true_autumn_37.jpg,true autumn
/Users/nithyapandurangan/Desktop/Colour-Analysis-Tool/flask/Dataset/Seasons/dark_winter_47.jpg,dark winter
/Users/nithyapandurangan/Desktop/Colour-Analysis-Tool/flask/Dataset/Seasons/dark_autumn_93.jpg,dark autumn
/Users/nithyapandurangan/Desktop/Colour-Analysis-Tool/flask/Dataset/Seasons/true_autumn_84.png,true autumn
/Users/nithyapandurangan/Desktop/Colour-Analysis-Tool/flask/Dataset/Seasons/bright_winter_13.jpg,bright winter
/Users/nithyapandurangan/Desktop/Colour-Analysis-Tool/flask/Dataset/Seasons/dark_autumn_47.jpg,dark autumn
/Users/nithyapandurangan/Desktop/Colour-Analysis-Tool/flask/Dataset/Seasons/true_spring_42.jpg,true spring
/Users/nithyapandurangan/Desktop/Colour-Analysis-Tool/flask/Dataset/Seasons/soft_autumn_11.jpg,soft autumn
/Users/nithyapandurangan/Desktop/Colour-Analysis-Tool/flask/Dataset/Seasons/light_spring_33.jpg,light spring
/Users/nithyapandurangan/Desktop/Colour-Analysis-Tool/flask/Dataset/Seasons/dark_winter_17.jpg,dark winter
/Users/nithyapandurangan/Desktop/Colour-Analysis-Tool/flask/Dataset/Seasons/bright_spring_48.jpg,bright spring
/Users/nithyapandurangan/Desktop/Colour-Analysis-Tool/flask/Dataset/Seasons/true_autumn_57.jpg,true autumn
/Users/nithyapandurangan/Desktop/Colour-Analysis-Tool/flask/Dataset/Seasons/bright_spring_41.png,bright spring
/Users/nithyapandurangan/Desktop/Colour-Analysis-Tool/flask/Dataset/Seasons/true_autumn_12.jpg,true autumn
/Users/nithyapandurangan/Desktop/Colour-Analysis-Tool/flask/Dataset/Seasons/dark_winter_40.jpg,dark winter
/Users/nithyapandurangan/Desktop/Colour-Analysis-Tool/flask/Dataset/Seasons/dark_winter_69.jpeg,dark winter
/Users/nithyapandurangan/Desktop/Colour-Analysis-Tool/flask/Dataset/Seasons/dark_autumn_67.png,dark autumn
/Users/nithyapandurangan/Desktop/Colour-Analysis-Tool/flask/Dataset/Seasons/bright_spring_21.jpg,bright spring
/Users/nithyapandurangan/Desktop/Colour-Analysis-Tool/flask/Dataset/Seasons/light_summer_27.png,light summer
/Users/nithyapandurangan/Desktop/Colour-Analysis-Tool/flask/Dataset/Seasons/light_summer_4.jpg,light summer
/Users/nithyapandurangan/Desktop/Colour-Analysis-Tool/flask/Dataset/Seasons/dark_autumn_21.jpg,dark autumn
/Users/nithyapandurangan/Desktop/Colour-Analysis-Tool/flask/Dataset/Seasons/true_spring_30.jpg,true spring
/Users/nithyapandurangan/Desktop/Colour-Analysis-Tool/flask/Dataset/Seasons/dark_autumn_51.jpg,dark autumn
/Users/nithyapandurangan/Desktop/Colour-Analysis-Tool/flask/Dataset/Seasons/true_winter_11.jpg,true winter
/Users/nithyapandurangan/Desktop/Colour-Analysis-Tool/flask/Dataset/Seasons/bright_spring_9.png,bright spring
/Users/nithyapandurangan/Desktop/Colour-Analysis-Tool/flask/Dataset/Seasons/dark_autumn_18.jpg,dark autumn
/Users/nithyapandurangan/Desktop/Colour-Analysis-Tool/flask/Dataset/Seasons/true_winter_37.jpg,true winter
/Users/nithyapandurangan/Desktop/Colour-Analysis-Tool/flask/Dataset/Seasons/light_summer_51.jpg,light summer
/Users/nithyapandurangan/Desktop/Colour-Analysis-Tool/flask/Dataset/Seasons/bright_spring_20.jpg,bright spring
/Users/nithyapandurangan/Desktop/Colour-Analysis-Tool/flask/Dataset/Seasons/soft_summer_33.jpg,soft summer
/Users/nithyapandurangan/Desktop/Colour-Analysis-Tool/flask/Dataset/Seasons/bright_winter_22.png,bright winter
/Users/nithyapandurangan/Desktop/Colour-Analysis-Tool/flask/Dataset/Seasons/soft_autumn_60.jpg,soft autumn
/Users/nithyapandurangan/Desktop/Colour-Analysis-Tool/flask/Dataset/Seasons/bright_winter_37.jpg,bright winter
/Users/nithyapandurangan/Desktop/Colour-Analysis-Tool/flask/Dataset/Seasons/light_spring_24.jpg,light spring
/Users/nithyapandurangan/Desktop/Colour-Analysis-Tool/flask/Dataset/Seasons/dark_autumn_75.png,dark autumn
/Users/nithyapandurangan/Desktop/Colour-Analysis-Tool/flask/Dataset/Seasons/true_summer_1.jpg,true summer
/Users/nithyapandurangan/Desktop/Colour-Analysis-Tool/flask/Dataset/Seasons/light_summer_50.jpg,light summer
/Users/nithyapandurangan/Desktop/Colour-Analysis-Tool/flask/Dataset/Seasons/bright_spring_2.jpg,bright spring
/Users/nithyapandurangan/Desktop/Colour-Analysis-Tool/flask/Dataset/Seasons/true_spring_43.jpeg,true spring
/Users/nithyapandurangan/Desktop/Colour-Analysis-Tool/flask/Dataset/Seasons/true_winter_34.jpg,true winter
/Users/nithyapandurangan/Desktop/Colour-Analysis-Tool/flask/Dataset/Seasons/soft_autumn_61.jpg,soft autumn
/Users/nithyapandurangan/Desktop/Colour-Analysis-Tool/flask/Dataset/Seasons/light_summer_39.jpg,light summer
/Users/nithyapandurangan/Desktop/Colour-Analysis-Tool/flask/Dataset/Seasons/true_autumn_35.png,true autumn
/Users/nithyapandurangan/Desktop/Colour-Analysis-Tool/flask/Dataset/Seasons/dark_autumn_38.jpg,dark autumn
/Users/nithyapandurangan/Desktop/Colour-Analysis-Tool/flask/Dataset/Seasons/light_spring_37.jpg,light spring
/Users/nithyapandurangan/Desktop/Colour-Analysis-Tool/flask/Dataset/Seasons/light_summer_47.jpg,light summer
/Users/nithyapandurangan/Desktop/Colour-Analysis-Tool/flask/Dataset/Seasons/true_winter_50.jpg,true winter
/Users/nithyapandurangan/Desktop/Colour-Analysis-Tool/flask/Dataset/Seasons/true_autumn_6.jpg,true autumn
/Users/nithyapandurangan/Desktop/Colour-Analysis-Tool/flask/Dataset/Seasons/true_autumn_54.jpg,true autumn
/Users/nithyapandurangan/Desktop/Colour-Analysis-Tool/flask/Dataset/Seasons/dark_autumn_1.jpg,dark autumn
/Users/nithyapandurangan/Desktop/Colour-Analysis-Tool/flask/Dataset/Seasons/true_spring_46.jpg,true spring
/Users/nithyapandurangan/Desktop/Colour-Analysis-Tool/flask/Dataset/Seasons/soft_summer_12.png,soft summer
/Users/nithyapandurangan/Desktop/Colour-Analysis-Tool/flask/Dataset/Seasons/soft_autumn_68.jpg,soft autumn
/Users/nithyapandurangan/Desktop/Colour-Analysis-Tool/flask/Dataset/Seasons/soft_autumn_73.png,soft autumn
/Users/nithyapandurangan/Desktop/Colour-Analysis-Tool/flask/Dataset/Seasons/dark_autumn_85.jpg,dark autumn
/Users/nithyapandurangan/Desktop/Colour-Analysis-Tool/flask/Dataset/Seasons/light_spring_18.jpg,light spring
/Users/nithyapandurangan/Desktop/Colour-Analysis-Tool/flask/Dataset/Seasons/bright_winter_28.jpg,bright winter
/Users/nithyapandurangan/Desktop/Colour-Analysis-Tool/flask/Dataset/Seasons/true_autumn_25.png,true autumn
/Users/nithyapandurangan/Desktop/Colour-Analysis-Tool/flask/Dataset/Seasons/dark_autumn_91.jpg,dark autumn
/Users/nithyapandurangan/Desktop/Colour-Analysis-Tool/flask/Dataset/Seasons/dark_autumn_68.jpg,dark autumn
/Users/nithyapandurangan/Desktop/Colour-Analysis-Tool/flask/Dataset/Seasons/dark_autumn_22.jpg,dark autumn
/Users/nithyapandurangan/Desktop/Colour-Analysis-Tool/flask/Dataset/Seasons/light_spring_6.jpg,light spring
/Users/nithyapandurangan/Desktop/Colour-Analysis-Tool/flask/Dataset/Seasons/true_winter_32.jpg,true winter
/Users/nithyapandurangan/Desktop/Colour-Analysis-Tool/flask/Dataset/Seasons/true_autumn_59.jpg,true autumn
/Users/nithyapandurangan/Desktop/Colour-Analysis-Tool/flask/Dataset/Seasons/dark_winter_72.jpg,dark winter
/Users/nithyapandurangan/Desktop/Colour-Analysis-Tool/flask/Dataset/Seasons/dark_autumn_44.jpg,dark autumn
/Users/nithyapandurangan/Desktop/Colour-Analysis-Tool/flask/Dataset/Seasons/soft_summer_28.jpg,soft summer
/Users/nithyapandurangan/Desktop/Colour-Analysis-Tool/flask/Dataset/Seasons/true_autumn_1.png,true autumn
/Users/nithyapandurangan/Desktop/Colour-Analysis-Tool/flask/Dataset/Seasons/bright_spring_13.jpg,bright spring
/Users/nithyapandurangan/Desktop/Colour-Analysis-Tool/flask/Dataset/Seasons/true_spring_16.jpg,true spring
/Users/nithyapandurangan/Desktop/Colour-Analysis-Tool/flask/Dataset/Seasons/light_spring_16.jpg,light spring
/Users/nithyapandurangan/Desktop/Colour-Analysis-Tool/flask/Dataset/Seasons/light_summer_8.png,light summer
/Users/nithyapandurangan/Desktop/Colour-Analysis-Tool/flask/Dataset/Seasons/bright_winter_20.jpg,bright winter
/Users/nithyapandurangan/Desktop/Colour-Analysis-Tool/flask/Dataset/Seasons/light_summer_34.jpg,light summer
/Users/nithyapandurangan/Desktop/Colour-Analysis-Tool/flask/Dataset/Seasons/dark_winter_25.jpg,dark winter
/Users/nithyapandurangan/Desktop/Colour-Analysis-Tool/flask/Dataset/Seasons/soft_summer_5.jpg,soft summer
/Users/nithyapandurangan/Desktop/Colour-Analysis-Tool/flask/Dataset/Seasons/light_spring_25.jpg,light spring
/Users/nithyapandurangan/Desktop/Colour-Analysis-Tool/flask/Dataset/Seasons/light_summer_6.jpeg,light summer
/Users/nithyapandurangan/Desktop/Colour-Analysis-Tool/flask/Dataset/Seasons/dark_winter_48.jpg,dark winter
/Users/nithyapandurangan/Desktop/Colour-Analysis-Tool/flask/Dataset/Seasons/dark_autumn_14.jpg,dark autumn
/Users/nithyapandurangan/Desktop/Colour-Analysis-Tool/flask/Dataset/Seasons/true_winter_17.jpg,true winter
/Users/nithyapandurangan/Desktop/Colour-Analysis-Tool/flask/Dataset/Seasons/dark_autumn_37.jpg,dark autumn
/Users/nithyapandurangan/Desktop/Colour-Analysis-Tool/flask/Dataset/Seasons/dark_winter_14.jpg,dark winter
/Users/nithyapandurangan/Desktop/Colour-Analysis-Tool/flask/Dataset/Seasons/dark_autumn_90.jpg,dark autumn
/Users/nithyapandurangan/Desktop/Colour-Analysis-Tool/flask/Dataset/Seasons/soft_summer_51.jpg,soft summer
/Users/nithyapandurangan/Desktop/Colour-Analysis-Tool/flask/Dataset/Seasons/light_summer_1.jpg,light summer
/Users/nithyapandurangan/Desktop/Colour-Analysis-Tool/flask/Dataset/Seasons/true_spring_50.png,true spring
/Users/nithyapandurangan/Desktop/Colour-Analysis-Tool/flask/Dataset/Seasons/light_spring_9.jpg,light spring
/Users/nithyapandurangan/Desktop/Colour-Analysis-Tool/flask/Dataset/Seasons/true_spring_11.jpg,true spring
/Users/nithyapandurangan/Desktop/Colour-Analysis-Tool/flask/Dataset/Seasons/soft_summer_11.png,soft summer
/Users/nithyapandurangan/Desktop/Colour-Analysis-Tool/flask/Dataset/Seasons/soft_summer_1.jpg,soft summer
/Users/nithyapandurangan/Desktop/Colour-Analysis-Tool/flask/Dataset/Seasons/true_spring_1.jpg,true spring
/Users/nithyapandurangan/Desktop/Colour-Analysis-Tool/flask/Dataset/Seasons/light_summer_48.png,light summer
/Users/nithyapandurangan/Desktop/Colour-Analysis-Tool/flask/Dataset/Seasons/true_autumn_3.jpg,true autumn
/Users/nithyapandurangan/Desktop/Colour-Analysis-Tool/flask/Dataset/Seasons/true_winter_42.jpg,true winter
/Users/nithyapandurangan/Desktop/Colour-Analysis-Tool/flask/Dataset/Seasons/soft_autumn_52.jpg,soft autumn
/Users/nithyapandurangan/Desktop/Colour-Analysis-Tool/flask/Dataset/Seasons/bright_winter_9.jpg,bright winter
/Users/nithyapandurangan/Desktop/Colour-Analysis-Tool/flask/Dataset/Seasons/dark_autumn_62.jpg,dark autumn
/Users/nithyapandurangan/Desktop/Colour-Analysis-Tool/flask/Dataset/Seasons/light_summer_25.jpg,light summer
/Users/nithyapandurangan/Desktop/Colour-Analysis-Tool/flask/Dataset/Seasons/true_winter_27.jpg,true winter
/Users/nithyapandurangan/Desktop/Colour-Analysis-Tool/flask/Dataset/Seasons/true_summer_19.jpg,true summer
/Users/nithyapandurangan/Desktop/Colour-Analysis-Tool/flask/Dataset/Seasons/true_autumn_81.jpg,true autumn
/Users/nithyapandurangan/Desktop/Colour-Analysis-Tool/flask/Dataset/Seasons/light_spring_51.jpg,light spring
/Users/nithyapandurangan/Desktop/Colour-Analysis-Tool/flask/Dataset/Seasons/bright_winter_30.jpg,bright winter
/Users/nithyapandurangan/Desktop/Colour-Analysis-Tool/flask/Dataset/Seasons/dark_winter_55.jpg,dark winter
/Users/nithyapandurangan/Desktop/Colour-Analysis-Tool/flask/Dataset/Seasons/dark_autumn_84.jpg,dark autumn
/Users/nithyapandurangan/Desktop/Colour-Analysis-Tool/flask/Dataset/Seasons/true_autumn_36.jpg,true autumn
/Users/nithyapandurangan/Desktop/Colour-Analysis-Tool/flask/Dataset/Seasons/true_winter_33.png,true winter
/Users/nithyapandurangan/Desktop/Colour-Analysis-Tool/flask/Dataset/Seasons/soft_autumn_59.jpg,soft autumn
/Users/nithyapandurangan/Desktop/Colour-Analysis-Tool/flask/Dataset/Seasons/soft_autumn_49.jpg,soft autumn
/Users/nithyapandurangan/Desktop/Colour-Analysis-Tool/flask/Dataset/Seasons/soft_autumn_4.jpg,soft autumn
/Users/nithyapandurangan/Desktop/Colour-Analysis-Tool/flask/Dataset/Seasons/dark_winter_45.jpg,dark winter
/Users/nithyapandurangan/Desktop/Colour-Analysis-Tool/flask/Dataset/Seasons/bright_spring_19.jpg,bright spring
/Users/nithyapandurangan/Desktop/Colour-Analysis-Tool/flask/Dataset/Seasons/true_spring_23.jpg,true spring
/Users/nithyapandurangan/Desktop/Colour-Analysis-Tool/flask/Dataset/Seasons/true_autumn_62.jpg,true autumn
/Users/nithyapandurangan/Desktop/Colour-Analysis-Tool/flask/Dataset/Seasons/soft_autumn_55.jpg,soft autumn
/Users/nithyapandurangan/Desktop/Colour-Analysis-Tool/flask/Dataset/Seasons/soft_summer_53.jpg,soft summer
/Users/nithyapandurangan/Desktop/Colour-Analysis-Tool/flask/Dataset/Seasons/soft_summer_22.jpg,soft summer
/Users/nithyapandurangan/Desktop/Colour-Analysis-Tool/flask/Dataset/Seasons/soft_autumn_21.jpg,soft autumn
/Users/nithyapandurangan/Desktop/Colour-Analysis-Tool/flask/Dataset/Seasons/bright_winter_11.jpg,bright winter
/Users/nithyapandurangan/Desktop/Colour-Analysis-Tool/flask/Dataset/Seasons/dark_autumn_87.jpg,dark autumn
/Users/nithyapandurangan/Desktop/Colour-Analysis-Tool/flask/Dataset/Seasons/soft_autumn_12.jpg,soft autumn
/Users/nithyapandurangan/Desktop/Colour-Analysis-Tool/flask/Dataset/Seasons/bright_spring_34.jpg,bright spring
/Users/nithyapandurangan/Desktop/Colour-Analysis-Tool/flask/Dataset/Seasons/true_autumn_43.jpg,true autumn
/Users/nithyapandurangan/Desktop/Colour-Analysis-Tool/flask/Dataset/Seasons/true_spring_29.jpg,true spring
/Users/nithyapandurangan/Desktop/Colour-Analysis-Tool/flask/Dataset/Seasons/light_spring_14.jpg,light spring
/Users/nithyapandurangan/Desktop/Colour-Analysis-Tool/flask/Dataset/Seasons/dark_winter_54.jpg,dark winter
/Users/nithyapandurangan/Desktop/Colour-Analysis-Tool/flask/Dataset/Seasons/light_summer_14.jpg,light summer
/Users/nithyapandurangan/Desktop/Colour-Analysis-Tool/flask/Dataset/Seasons/true_winter_18.jpg,true winter
/Users/nithyapandurangan/Desktop/Colour-Analysis-Tool/flask/Dataset/Seasons/true_spring_52.jpg,true spring
/Users/nithyapandurangan/Desktop/Colour-Analysis-Tool/flask/Dataset/Seasons/soft_autumn_70.jpg,soft autumn
/Users/nithyapandurangan/Desktop/Colour-Analysis-Tool/flask/Dataset/Seasons/dark_autumn_13.jpg,dark autumn
/Users/nithyapandurangan/Desktop/Colour-Analysis-Tool/flask/Dataset/Seasons/bright_spring_35.jpg,bright spring
/Users/nithyapandurangan/Desktop/Colour-Analysis-Tool/flask/Dataset/Seasons/true_spring_55.jpg,true spring
/Users/nithyapandurangan/Desktop/Colour-Analysis-Tool/flask/Dataset/Seasons/light_spring_23.jpg,light spring
/Users/nithyapandurangan/Desktop/Colour-Analysis-Tool/flask/Dataset/Seasons/true_summer_27.jpg,true summer
/Users/nithyapandurangan/Desktop/Colour-Analysis-Tool/flask/Dataset/Seasons/dark_winter_8.jpg,dark winter
/Users/nithyapandurangan/Desktop/Colour-Analysis-Tool/flask/Dataset/Seasons/soft_summer_8.jpg,soft summer
/Users/nithyapandurangan/Desktop/Colour-Analysis-Tool/flask/Dataset/Seasons/bright_spring_1.jpg,bright spring
/Users/nithyapandurangan/Desktop/Colour-Analysis-Tool/flask/Dataset/Seasons/light_summer_18.jpg,light summer
/Users/nithyapandurangan/Desktop/Colour-Analysis-Tool/flask/Dataset/Seasons/dark_winter_13.jpg,dark winter
/Users/nithyapandurangan/Desktop/Colour-Analysis-Tool/flask/Dataset/Seasons/dark_autumn_69.jpg,dark autumn
/Users/nithyapandurangan/Desktop/Colour-Analysis-Tool/flask/Dataset/Seasons/dark_autumn_65.jpg,dark autumn
/Users/nithyapandurangan/Desktop/Colour-Analysis-Tool/flask/Dataset/Seasons/dark_winter_73.jpg,dark winter
/Users/nithyapandurangan/Desktop/Colour-Analysis-Tool/flask/Dataset/Seasons/light_summer_23.png,light summer
/Users/nithyapandurangan/Desktop/Colour-Analysis-Tool/flask/Dataset/Seasons/soft_summer_13.jpg,soft summer
/Users/nithyapandurangan/Desktop/Colour-Analysis-Tool/flask/Dataset/Seasons/dark_autumn_9.jpg,dark autumn
/Users/nithyapandurangan/Desktop/Colour-Analysis-Tool/flask/Dataset/Seasons/bright_spring_18.jpg,bright spring
/Users/nithyapandurangan/Desktop/Colour-Analysis-Tool/flask/Dataset/Seasons/true_summer_9.jpg,true summer
/Users/nithyapandurangan/Desktop/Colour-Analysis-Tool/flask/Dataset/Seasons/bright_spring_27.jpg,bright spring
/Users/nithyapandurangan/Desktop/Colour-Analysis-Tool/flask/Dataset/Seasons/true_autumn_27.jpg,true autumn
/Users/nithyapandurangan/Desktop/Colour-Analysis-Tool/flask/Dataset/Seasons/light_summer_30.jpg,light summer
/Users/nithyapandurangan/Desktop/Colour-Analysis-Tool/flask/Dataset/Seasons/true_summer_20.jpg,true summer
/Users/nithyapandurangan/Desktop/Colour-Analysis-Tool/flask/Dataset/Seasons/true_autumn_66.jpg,true autumn
/Users/nithyapandurangan/Desktop/Colour-Analysis-Tool/flask/Dataset/Seasons/soft_summer_10.jpg,soft summer
/Users/nithyapandurangan/Desktop/Colour-Analysis-Tool/flask/Dataset/Seasons/bright_spring_42.jpg,bright spring
/Users/nithyapandurangan/Desktop/Colour-Analysis-Tool/flask/Dataset/Seasons/light_summer_57.jpg,light summer
/Users/nithyapandurangan/Desktop/Colour-Analysis-Tool/flask/Dataset/Seasons/light_spring_41.jpg,light spring
/Users/nithyapandurangan/Desktop/Colour-Analysis-Tool/flask/Dataset/Seasons/light_summer_42.jpg,light summer
/Users/nithyapandurangan/Desktop/Colour-Analysis-Tool/flask/Dataset/Seasons/dark_autumn_41.jpg,dark autumn
/Users/nithyapandurangan/Desktop/Colour-Analysis-Tool/flask/Dataset/Seasons/soft_summer_43.jpg,soft summer
/Users/nithyapandurangan/Desktop/Colour-Analysis-Tool/flask/Dataset/Seasons/dark_autumn_53.jpg,dark autumn
/Users/nithyapandurangan/Desktop/Colour-Analysis-Tool/flask/Dataset/Seasons/light_summer_16.png,light summer
/Users/nithyapandurangan/Desktop/Colour-Analysis-Tool/flask/Dataset/Seasons/true_winter_28.jpg,true winter
/Users/nithyapandurangan/Desktop/Colour-Analysis-Tool/flask/Dataset/Seasons/bright_winter_14.jpg,bright winter
/Users/nithyapandurangan/Desktop/Colour-Analysis-Tool/flask/Dataset/Seasons/true_winter_49.jpg,true winter
/Users/nithyapandurangan/Desktop/Colour-Analysis-Tool/flask/Dataset/Seasons/soft_summer_34.jpg,soft summer
/Users/nithyapandurangan/Desktop/Colour-Analysis-Tool/flask/Dataset/Seasons/bright_spring_36.jpg,bright spring
/Users/nithyapandurangan/Desktop/Colour-Analysis-Tool/flask/Dataset/Seasons/light_summer_24.jpg,light summer
/Users/nithyapandurangan/Desktop/Colour-Analysis-Tool/flask/Dataset/Seasons/true_winter_48.jpg,true winter
/Users/nithyapandurangan/Desktop/Colour-Analysis-Tool/flask/Dataset/Seasons/dark_winter_53.jpg,dark winter
/Users/nithyapandurangan/Desktop/Colour-Analysis-Tool/flask/Dataset/Seasons/soft_autumn_72.jpg,soft autumn
/Users/nithyapandurangan/Desktop/Colour-Analysis-Tool/flask/Dataset/Seasons/dark_winter_68.jpeg,dark winter
/Users/nithyapandurangan/Desktop/Colour-Analysis-Tool/flask/Dataset/Seasons/true_autumn_51.jpg,true autumn
/Users/nithyapandurangan/Desktop/Colour-Analysis-Tool/flask/Dataset/Seasons/soft_summer_3.jpg,soft summer
/Users/nithyapandurangan/Desktop/Colour-Analysis-Tool/flask/Dataset/Seasons/soft_autumn_41.jpg,soft autumn
/Users/nithyapandurangan/Desktop/Colour-Analysis-Tool/flask/Dataset/Seasons/dark_winter_43.jpg,dark winter
/Users/nithyapandurangan/Desktop/Colour-Analysis-Tool/flask/Dataset/Seasons/light_spring_46.jpg,light spring
/Users/nithyapandurangan/Desktop/Colour-Analysis-Tool/flask/Dataset/Seasons/soft_summer_40.png,soft summer
/Users/nithyapandurangan/Desktop/Colour-Analysis-Tool/flask/Dataset/Seasons/bright_spring_10.jpg,bright spring
/Users/nithyapandurangan/Desktop/Colour-Analysis-Tool/flask/Dataset/Seasons/dark_autumn_35.png,dark autumn
/Users/nithyapandurangan/Desktop/Colour-Analysis-Tool/flask/Dataset/Seasons/true_autumn_68.jpg,true autumn
/Users/nithyapandurangan/Desktop/Colour-Analysis-Tool/flask/Dataset/Seasons/true_spring_51.jpg,true spring
/Users/nithyapandurangan/Desktop/Colour-Analysis-Tool/flask/Dataset/Seasons/soft_autumn_46.jpg,soft autumn
/Users/nithyapandurangan/Desktop/Colour-Analysis-Tool/flask/Dataset/Seasons/true_autumn_67.jpg,true autumn
/Users/nithyapandurangan/Desktop/Colour-Analysis-Tool/flask/Dataset/Seasons/true_autumn_45.jpg,true autumn
/Users/nithyapandurangan/Desktop/Colour-Analysis-Tool/flask/Dataset/Seasons/true_winter_41.jpg,true winter
/Users/nithyapandurangan/Desktop/Colour-Analysis-Tool/flask/Dataset/Seasons/true_summer_6.jpg,true summer
/Users/nithyapandurangan/Desktop/Colour-Analysis-Tool/flask/Dataset/Seasons/dark_autumn_24.jpg,dark autumn
/Users/nithyapandurangan/Desktop/Colour-Analysis-Tool/flask/Dataset/Seasons/true_autumn_85.jpg,true autumn
/Users/nithyapandurangan/Desktop/Colour-Analysis-Tool/flask/Dataset/Seasons/dark_winter_31.jpg,dark winter
/Users/nithyapandurangan/Desktop/Colour-Analysis-Tool/flask/Dataset/Seasons/soft_summer_52.jpg,soft summer
/Users/nithyapandurangan/Desktop/Colour-Analysis-Tool/flask/Dataset/Seasons/light_summer_56.jpg,light summer
/Users/nithyapandurangan/Desktop/Colour-Analysis-Tool/flask/Dataset/Seasons/bright_spring_26.jpg,bright spring
/Users/nithyapandurangan/Desktop/Colour-Analysis-Tool/flask/Dataset/Seasons/dark_autumn_27.png,dark autumn
/Users/nithyapandurangan/Desktop/Colour-Analysis-Tool/flask/Dataset/Seasons/dark_autumn_2.jpg,dark autumn
/Users/nithyapandurangan/Desktop/Colour-Analysis-Tool/flask/Dataset/Seasons/true_autumn_34.jpg,true autumn
/Users/nithyapandurangan/Desktop/Colour-Analysis-Tool/flask/Dataset/Seasons/soft_summer_46.jpg,soft summer
/Users/nithyapandurangan/Desktop/Colour-Analysis-Tool/flask/Dataset/Seasons/light_spring_12.jpg,light spring
/Users/nithyapandurangan/Desktop/Colour-Analysis-Tool/flask/Dataset/Seasons/true_summer_18.jpg,true summer
/Users/nithyapandurangan/Desktop/Colour-Analysis-Tool/flask/Dataset/Seasons/bright_winter_24.png,bright winter
/Users/nithyapandurangan/Desktop/Colour-Analysis-Tool/flask/Dataset/Seasons/dark_winter_56.jpg,dark winter
/Users/nithyapandurangan/Desktop/Colour-Analysis-Tool/flask/Dataset/Seasons/bright_spring_25.jpg,bright spring
/Users/nithyapandurangan/Desktop/Colour-Analysis-Tool/flask/Dataset/Seasons/soft_summer_30.jpg,soft summer
/Users/nithyapandurangan/Desktop/Colour-Analysis-Tool/flask/Dataset/Seasons/true_winter_38.jpg,true winter
/Users/nithyapandurangan/Desktop/Colour-Analysis-Tool/flask/Dataset/Seasons/dark_winter_5.jpg,dark winter
/Users/nithyapandurangan/Desktop/Colour-Analysis-Tool/flask/Dataset/Seasons/dark_winter_23.png,dark winter
/Users/nithyapandurangan/Desktop/Colour-Analysis-Tool/flask/Dataset/Seasons/true_summer_17.jpg,true summer
/Users/nithyapandurangan/Desktop/Colour-Analysis-Tool/flask/Dataset/Seasons/light_spring_15.jpg,light spring
/Users/nithyapandurangan/Desktop/Colour-Analysis-Tool/flask/Dataset/Seasons/true_autumn_74.png,true autumn
/Users/nithyapandurangan/Desktop/Colour-Analysis-Tool/flask/Dataset/Seasons/dark_autumn_16.png,dark autumn
/Users/nithyapandurangan/Desktop/Colour-Analysis-Tool/flask/Dataset/Seasons/soft_autumn_65.jpg,soft autumn
/Users/nithyapandurangan/Desktop/Colour-Analysis-Tool/flask/Dataset/Seasons/true_winter_9.jpg,true winter
/Users/nithyapandurangan/Desktop/Colour-Analysis-Tool/flask/Dataset/Seasons/true_autumn_83.jpg,true autumn
/Users/nithyapandurangan/Desktop/Colour-Analysis-Tool/flask/Dataset/Seasons/true_autumn_47.jpg,true autumn
/Users/nithyapandurangan/Desktop/Colour-Analysis-Tool/flask/Dataset/Seasons/true_spring_28.jpg,true spring
/Users/nithyapandurangan/Desktop/Colour-Analysis-Tool/flask/Dataset/Seasons/light_spring_21.jpg,light spring
/Users/nithyapandurangan/Desktop/Colour-Analysis-Tool/flask/Dataset/Seasons/true_winter_20.jpg,true winter
/Users/nithyapandurangan/Desktop/Colour-Analysis-Tool/flask/Dataset/Seasons/dark_autumn_86.jpg,dark autumn
/Users/nithyapandurangan/Desktop/Colour-Analysis-Tool/flask/Dataset/Seasons/light_summer_12.jpg,light summer
/Users/nithyapandurangan/Desktop/Colour-Analysis-Tool/flask/Dataset/Seasons/soft_summer_49.jpg,soft summer
/Users/nithyapandurangan/Desktop/Colour-Analysis-Tool/flask/Dataset/Seasons/true_spring_17.jpg,true spring
/Users/nithyapandurangan/Desktop/Colour-Analysis-Tool/flask/Dataset/Seasons/dark_winter_6.jpg,dark winter
/Users/nithyapandurangan/Desktop/Colour-Analysis-Tool/flask/Dataset/Seasons/true_spring_19.png,true spring
/Users/nithyapandurangan/Desktop/Colour-Analysis-Tool/flask/Dataset/Seasons/dark_winter_21.jpg,dark winter
/Users/nithyapandurangan/Desktop/Colour-Analysis-Tool/flask/Dataset/Seasons/bright_spring_32.jpg,bright spring
/Users/nithyapandurangan/Desktop/Colour-Analysis-Tool/flask/Dataset/Seasons/light_spring_49.jpg,light spring
/Users/nithyapandurangan/Desktop/Colour-Analysis-Tool/flask/Dataset/Seasons/light_spring_29.jpg,light spring
/Users/nithyapandurangan/Desktop/Colour-Analysis-Tool/flask/Dataset/Seasons/dark_autumn_31.jpg,dark autumn
/Users/nithyapandurangan/Desktop/Colour-Analysis-Tool/flask/Dataset/Seasons/dark_winter_44.png,dark winter
/Users/nithyapandurangan/Desktop/Colour-Analysis-Tool/flask/Dataset/Seasons/bright_winter_23.jpg,bright winter
/Users/nithyapandurangan/Desktop/Colour-Analysis-Tool/flask/Dataset/Seasons/soft_autumn_18.png,soft autumn
/Users/nithyapandurangan/Desktop/Colour-Analysis-Tool/flask/Dataset/Seasons/bright_winter_21.jpg,bright winter
/Users/nithyapandurangan/Desktop/Colour-Analysis-Tool/flask/Dataset/Seasons/dark_autumn_74.jpg,dark autumn
/Users/nithyapandurangan/Desktop/Colour-Analysis-Tool/flask/Dataset/Seasons/true_autumn_73.jpg,true autumn
/Users/nithyapandurangan/Desktop/Colour-Analysis-Tool/flask/Dataset/Seasons/dark_winter_66.png,dark winter
/Users/nithyapandurangan/Desktop/Colour-Analysis-Tool/flask/Dataset/Seasons/true_autumn_55.jpg,true autumn
/Users/nithyapandurangan/Desktop/Colour-Analysis-Tool/flask/Dataset/Seasons/bright_winter_6.jpg,bright winter
/Users/nithyapandurangan/Desktop/Colour-Analysis-Tool/flask/Dataset/Seasons/light_summer_22.jpg,light summer
/Users/nithyapandurangan/Desktop/Colour-Analysis-Tool/flask/Dataset/Seasons/soft_summer_20.jpg,soft summer
/Users/nithyapandurangan/Desktop/Colour-Analysis-Tool/flask/Dataset/Seasons/true_autumn_76.jpg,true autumn
/Users/nithyapandurangan/Desktop/Colour-Analysis-Tool/flask/Dataset/Seasons/dark_autumn_28.jpg,dark autumn
/Users/nithyapandurangan/Desktop/Colour-Analysis-Tool/flask/Dataset/Seasons/true_autumn_64.jpg,true autumn
/Users/nithyapandurangan/Desktop/Colour-Analysis-Tool/flask/Dataset/Seasons/bright_winter_26.jpg,bright winter
/Users/nithyapandurangan/Desktop/Colour-Analysis-Tool/flask/Dataset/Seasons/light_spring_47.jpg,light spring
/Users/nithyapandurangan/Desktop/Colour-Analysis-Tool/flask/Dataset/Seasons/dark_autumn_8.jpg,dark autumn
/Users/nithyapandurangan/Desktop/Colour-Analysis-Tool/flask/Dataset/Seasons/soft_autumn_33.jpg,soft autumn
/Users/nithyapandurangan/Desktop/Colour-Analysis-Tool/flask/Dataset/Seasons/soft_autumn_20.jpg,soft autumn
/Users/nithyapandurangan/Desktop/Colour-Analysis-Tool/flask/Dataset/Seasons/light_spring_2.jpg,light spring
/Users/nithyapandurangan/Desktop/Colour-Analysis-Tool/flask/Dataset/Seasons/true_autumn_19.jpg,true autumn
/Users/nithyapandurangan/Desktop/Colour-Analysis-Tool/flask/Dataset/Seasons/dark_autumn_83.jpg,dark autumn
/Users/nithyapandurangan/Desktop/Colour-Analysis-Tool/flask/Dataset/Seasons/dark_winter_59.jpeg,dark winter
/Users/nithyapandurangan/Desktop/Colour-Analysis-Tool/flask/Dataset/Seasons/soft_autumn_36.jpg,soft autumn
/Users/nithyapandurangan/Desktop/Colour-Analysis-Tool/flask/Dataset/Seasons/true_summer_12.jpg,true summer
/Users/nithyapandurangan/Desktop/Colour-Analysis-Tool/flask/Dataset/Seasons/dark_winter_49.jpg,dark winter
/Users/nithyapandurangan/Desktop/Colour-Analysis-Tool/flask/Dataset/Seasons/soft_summer_6.jpg,soft summer
/Users/nithyapandurangan/Desktop/Colour-Analysis-Tool/flask/Dataset/Seasons/soft_autumn_24.jpg,soft autumn
/Users/nithyapandurangan/Desktop/Colour-Analysis-Tool/flask/Dataset/Seasons/light_spring_5.jpg,light spring
/Users/nithyapandurangan/Desktop/Colour-Analysis-Tool/flask/Dataset/Seasons/true_winter_30.jpg,true winter
/Users/nithyapandurangan/Desktop/Colour-Analysis-Tool/flask/Dataset/Seasons/dark_winter_3.jpg,dark winter
/Users/nithyapandurangan/Desktop/Colour-Analysis-Tool/flask/Dataset/Seasons/bright_winter_12.jpg,bright winter
/Users/nithyapandurangan/Desktop/Colour-Analysis-Tool/flask/Dataset/Seasons/true_autumn_13.jpg,true autumn
/Users/nithyapandurangan/Desktop/Colour-Analysis-Tool/flask/Dataset/Seasons/dark_winter_67.jpg,dark winter
/Users/nithyapandurangan/Desktop/Colour-Analysis-Tool/flask/Dataset/Seasons/dark_winter_22.jpg,dark winter
/Users/nithyapandurangan/Desktop/Colour-Analysis-Tool/flask/Dataset/Seasons/true_winter_53.jpg,true winter
/Users/nithyapandurangan/Desktop/Colour-Analysis-Tool/flask/Dataset/Seasons/soft_autumn_32.jpg,soft autumn
/Users/nithyapandurangan/Desktop/Colour-Analysis-Tool/flask/Dataset/Seasons/light_summer_44.png,light summer
/Users/nithyapandurangan/Desktop/Colour-Analysis-Tool/flask/Dataset/Seasons/bright_winter_39.jpg,bright winter
/Users/nithyapandurangan/Desktop/Colour-Analysis-Tool/flask/Dataset/Seasons/soft_autumn_6.jpg,soft autumn
/Users/nithyapandurangan/Desktop/Colour-Analysis-Tool/flask/Dataset/Seasons/dark_autumn_60.jpg,dark autumn
/Users/nithyapandurangan/Desktop/Colour-Analysis-Tool/flask/Dataset/Seasons/dark_winter_19.jpg,dark winter
/Users/nithyapandurangan/Desktop/Colour-Analysis-Tool/flask/Dataset/Seasons/dark_autumn_6.png,dark autumn
/Users/nithyapandurangan/Desktop/Colour-Analysis-Tool/flask/Dataset/Seasons/soft_autumn_23.jpg,soft autumn
/Users/nithyapandurangan/Desktop/Colour-Analysis-Tool/flask/Dataset/Seasons/soft_autumn_27.jpg,soft autumn
/Users/nithyapandurangan/Desktop/Colour-Analysis-Tool/flask/Dataset/Seasons/true_autumn_78.jpg,true autumn
/Users/nithyapandurangan/Desktop/Colour-Analysis-Tool/flask/Dataset/Seasons/dark_autumn_11.jpg,dark autumn
/Users/nithyapandurangan/Desktop/Colour-Analysis-Tool/flask/Dataset/Seasons/soft_summer_44.jpg,soft summer
/Users/nithyapandurangan/Desktop/Colour-Analysis-Tool/flask/Dataset/Seasons/bright_spring_11.jpg,bright spring
/Users/nithyapandurangan/Desktop/Colour-Analysis-Tool/flask/Dataset/Seasons/dark_autumn_42.png,dark autumn
/Users/nithyapandurangan/Desktop/Colour-Analysis-Tool/flask/Dataset/Seasons/true_spring_38.jpg,true spring
/Users/nithyapandurangan/Desktop/Colour-Analysis-Tool/flask/Dataset/Seasons/true_winter_26.jpg,true winter
/Users/nithyapandurangan/Desktop/Colour-Analysis-Tool/flask/Dataset/Seasons/soft_autumn_38.jpg,soft autumn
/Users/nithyapandurangan/Desktop/Colour-Analysis-Tool/flask/Dataset/Seasons/dark_autumn_59.jpg,dark autumn
/Users/nithyapandurangan/Desktop/Colour-Analysis-Tool/flask/Dataset/Seasons/dark_winter_39.jpg,dark winter
/Users/nithyapandurangan/Desktop/Colour-Analysis-Tool/flask/Dataset/Seasons/light_summer_52.jpg,light summer
/Users/nithyapandurangan/Desktop/Colour-Analysis-Tool/flask/Dataset/Seasons/light_summer_15.jpg,light summer
/Users/nithyapandurangan/Desktop/Colour-Analysis-Tool/flask/Dataset/Seasons/bright_spring_15.jpg,bright spring
/Users/nithyapandurangan/Desktop/Colour-Analysis-Tool/flask/Dataset/Seasons/dark_autumn_71.jpg,dark autumn
/Users/nithyapandurangan/Desktop/Colour-Analysis-Tool/flask/Dataset/Seasons/dark_winter_11.jpg,dark winter
/Users/nithyapandurangan/Desktop/Colour-Analysis-Tool/flask/Dataset/Seasons/true_spring_26.png,true spring
/Users/nithyapandurangan/Desktop/Colour-Analysis-Tool/flask/Dataset/Seasons/true_summer_3.jpg,true summer
/Users/nithyapandurangan/Desktop/Colour-Analysis-Tool/flask/Dataset/Seasons/soft_autumn_19.jpg,soft autumn
/Users/nithyapandurangan/Desktop/Colour-Analysis-Tool/flask/Dataset/Seasons/light_summer_46.jpg,light summer
/Users/nithyapandurangan/Desktop/Colour-Analysis-Tool/flask/Dataset/Seasons/bright_spring_23.png,bright spring
/Users/nithyapandurangan/Desktop/Colour-Analysis-Tool/flask/Dataset/Seasons/soft_autumn_17.jpg,soft autumn
/Users/nithyapandurangan/Desktop/Colour-Analysis-Tool/flask/Dataset/Seasons/dark_winter_35.jpg,dark winter
/Users/nithyapandurangan/Desktop/Colour-Analysis-Tool/flask/Dataset/Seasons/dark_autumn_19.jpg,dark autumn
/Users/nithyapandurangan/Desktop/Colour-Analysis-Tool/flask/Dataset/Seasons/bright_spring_30.jpg,bright spring
/Users/nithyapandurangan/Desktop/Colour-Analysis-Tool/flask/Dataset/Seasons/true_spring_37.jpg,true spring
/Users/nithyapandurangan/Desktop/Colour-Analysis-Tool/flask/Dataset/Seasons/dark_autumn_70.jpg,dark autumn
/Users/nithyapandurangan/Desktop/Colour-Analysis-Tool/flask/Dataset/Seasons/true_autumn_65.jpg,true autumn
/Users/nithyapandurangan/Desktop/Colour-Analysis-Tool/flask/Dataset/Seasons/dark_autumn_23.jpg,dark autumn
/Users/nithyapandurangan/Desktop/Colour-Analysis-Tool/flask/Dataset/Seasons/soft_summer_36.jpg,soft summer
/Users/nithyapandurangan/Desktop/Colour-Analysis-Tool/flask/Dataset/Seasons/true_autumn_39.jpg,true autumn
/Users/nithyapandurangan/Desktop/Colour-Analysis-Tool/flask/Dataset/Seasons/light_spring_43.png,light spring
/Users/nithyapandurangan/Desktop/Colour-Analysis-Tool/flask/Dataset/Seasons/dark_autumn_40.jpg,dark autumn
/Users/nithyapandurangan/Desktop/Colour-Analysis-Tool/flask/Dataset/Seasons/bright_spring_28.jpg,bright spring
/Users/nithyapandurangan/Desktop/Colour-Analysis-Tool/flask/Dataset/Seasons/bright_spring_16.jpg,bright spring
/Users/nithyapandurangan/Desktop/Colour-Analysis-Tool/flask/Dataset/Seasons/true_winter_51.jpg,true winter
/Users/nithyapandurangan/Desktop/Colour-Analysis-Tool/flask/Dataset/Seasons/light_summer_5.png,light summer
/Users/nithyapandurangan/Desktop/Colour-Analysis-Tool/flask/Dataset/Seasons/dark_autumn_34.jpg,dark autumn
/Users/nithyapandurangan/Desktop/Colour-Analysis-Tool/flask/Dataset/Seasons/dark_winter_15.jpg,dark winter
/Users/nithyapandurangan/Desktop/Colour-Analysis-Tool/flask/Dataset/Seasons/light_summer_3.jpg,light summer
/Users/nithyapandurangan/Desktop/Colour-Analysis-Tool/flask/Dataset/Seasons/true_winter_36.jpg,true winter
/Users/nithyapandurangan/Desktop/Colour-Analysis-Tool/flask/Dataset/Seasons/bright_winter_17.jpg,bright winter
/Users/nithyapandurangan/Desktop/Colour-Analysis-Tool/flask/Dataset/Seasons/dark_autumn_3.jpg,dark autumn
/Users/nithyapandurangan/Desktop/Colour-Analysis-Tool/flask/Dataset/Seasons/true_spring_48.jpg,true spring
/Users/nithyapandurangan/Desktop/Colour-Analysis-Tool/flask/Dataset/Seasons/true_winter_8.jpg,true winter
/Users/nithyapandurangan/Desktop/Colour-Analysis-Tool/flask/Dataset/Seasons/true_autumn_16.jpg,true autumn
/Users/nithyapandurangan/Desktop/Colour-Analysis-Tool/flask/Dataset/Seasons/dark_winter_65.jpg,dark winter
/Users/nithyapandurangan/Desktop/Colour-Analysis-Tool/flask/Dataset/Seasons/bright_winter_19.jpg,bright winter
/Users/nithyapandurangan/Desktop/Colour-Analysis-Tool/flask/Dataset/Seasons/true_spring_40.png,true spring
/Users/nithyapandurangan/Desktop/Colour-Analysis-Tool/flask/Dataset/Seasons/dark_winter_70.png,dark winter
/Users/nithyapandurangan/Desktop/Colour-Analysis-Tool/flask/Dataset/Seasons/bright_spring_47.jpeg,bright spring
/Users/nithyapandurangan/Desktop/Colour-Analysis-Tool/flask/Dataset/Seasons/soft_autumn_8.jpg,soft autumn
/Users/nithyapandurangan/Desktop/Colour-Analysis-Tool/flask/Dataset/Seasons/bright_winter_3.png,bright winter
/Users/nithyapandurangan/Desktop/Colour-Analysis-Tool/flask/Dataset/Seasons/dark_autumn_89.jpg,dark autumn
/Users/nithyapandurangan/Desktop/Colour-Analysis-Tool/flask/Dataset/Seasons/true_summer_25.jpg,true summer
/Users/nithyapandurangan/Desktop/Colour-Analysis-Tool/flask/Dataset/Seasons/soft_autumn_50.png,soft autumn
/Users/nithyapandurangan/Desktop/Colour-Analysis-Tool/flask/Dataset/Seasons/light_spring_10.jpg,light spring
/Users/nithyapandurangan/Desktop/Colour-Analysis-Tool/flask/Dataset/Seasons/light_summer_13.jpg,light summer
/Users/nithyapandurangan/Desktop/Colour-Analysis-Tool/flask/Dataset/Seasons/true_winter_35.jpg,true winter
/Users/nithyapandurangan/Desktop/Colour-Analysis-Tool/flask/Dataset/Seasons/dark_winter_74.png,dark winter
/Users/nithyapandurangan/Desktop/Colour-Analysis-Tool/flask/Dataset/Seasons/soft_autumn_37.jpg,soft autumn
/Users/nithyapandurangan/Desktop/Colour-Analysis-Tool/flask/Dataset/Seasons/soft_autumn_48.jpg,soft autumn
/Users/nithyapandurangan/Desktop/Colour-Analysis-Tool/flask/Dataset/Seasons/dark_winter_10.jpg,dark winter
/Users/nithyapandurangan/Desktop/Colour-Analysis-Tool/flask/Dataset/Seasons/light_spring_45.jpg,light spring
/Users/nithyapandurangan/Desktop/Colour-Analysis-Tool/flask/Dataset/Seasons/light_summer_40.jpg,light summer
/Users/nithyapandurangan/Desktop/Colour-Analysis-Tool/flask/Dataset/Seasons/soft_summer_24.jpg,soft summer
/Users/nithyapandurangan/Desktop/Colour-Analysis-Tool/flask/Dataset/Seasons/dark_winter_64.jpg,dark winter
/Users/nithyapandurangan/Desktop/Colour-Analysis-Tool/flask/Dataset/Seasons/soft_autumn_39.jpg,soft autumn
/Users/nithyapandurangan/Desktop/Colour-Analysis-Tool/flask/Dataset/Seasons/dark_winter_52.jpg,dark winter
/Users/nithyapandurangan/Desktop/Colour-Analysis-Tool/flask/Dataset/Seasons/true_summer_14.jpg,true summer
/Users/nithyapandurangan/Desktop/Colour-Analysis-Tool/flask/Dataset/Seasons/dark_autumn_72.jpg,dark autumn
/Users/nithyapandurangan/Desktop/Colour-Analysis-Tool/flask/Dataset/Seasons/soft_autumn_14.jpg,soft autumn
/Users/nithyapandurangan/Desktop/Colour-Analysis-Tool/flask/Dataset/Seasons/dark_winter_18.jpg,dark winter
/Users/nithyapandurangan/Desktop/Colour-Analysis-Tool/flask/Dataset/Seasons/dark_autumn_56.jpg,dark autumn
/Users/nithyapandurangan/Desktop/Colour-Analysis-Tool/flask/Dataset/Seasons/dark_winter_58.jpg,dark winter
/Users/nithyapandurangan/Desktop/Colour-Analysis-Tool/flask/Dataset/Seasons/bright_spring_3.jpg,bright spring
/Users/nithyapandurangan/Desktop/Colour-Analysis-Tool/flask/Dataset/Seasons/dark_autumn_50.jpg,dark autumn
/Users/nithyapandurangan/Desktop/Colour-Analysis-Tool/flask/Dataset/Seasons/light_summer_41.jpg,light summer
/Users/nithyapandurangan/Desktop/Colour-Analysis-Tool/flask/Dataset/Seasons/true_autumn_58.png,true autumn
/Users/nithyapandurangan/Desktop/Colour-Analysis-Tool/flask/Dataset/Seasons/light_summer_38.jpg,light summer
/Users/nithyapandurangan/Desktop/Colour-Analysis-Tool/flask/Dataset/Seasons/true_autumn_7.jpg,true autumn
/Users/nithyapandurangan/Desktop/Colour-Analysis-Tool/flask/Dataset/Seasons/soft_autumn_13.png,soft autumn
/Users/nithyapandurangan/Desktop/Colour-Analysis-Tool/flask/Dataset/Seasons/dark_autumn_54.jpg,dark autumn
/Users/nithyapandurangan/Desktop/Colour-Analysis-Tool/flask/Dataset/Seasons/true_spring_21.jpg,true spring
/Users/nithyapandurangan/Desktop/Colour-Analysis-Tool/flask/Dataset/Seasons/true_autumn_8.jpg,true autumn
/Users/nithyapandurangan/Desktop/Colour-Analysis-Tool/flask/Dataset/Seasons/light_summer_26.jpg,light summer
/Users/nithyapandurangan/Desktop/Colour-Analysis-Tool/flask/Dataset/Seasons/dark_autumn_30.jpg,dark autumn
/Users/nithyapandurangan/Desktop/Colour-Analysis-Tool/flask/Dataset/Seasons/true_spring_15.jpg,true spring
/Users/nithyapandurangan/Desktop/Colour-Analysis-Tool/flask/Dataset/Seasons/bright_winter_1.jpg,bright winter
/Users/nithyapandurangan/Desktop/Colour-Analysis-Tool/flask/Dataset/Seasons/soft_autumn_1.jpg,soft autumn
/Users/nithyapandurangan/Desktop/Colour-Analysis-Tool/flask/Dataset/Seasons/true_summer_13.jpg,true summer
/Users/nithyapandurangan/Desktop/Colour-Analysis-Tool/flask/Dataset/Seasons/dark_winter_37.jpg,dark winter
/Users/nithyapandurangan/Desktop/Colour-Analysis-Tool/flask/Dataset/Seasons/dark_autumn_61.jpg,dark autumn
/Users/nithyapandurangan/Desktop/Colour-Analysis-Tool/flask/Dataset/Seasons/soft_autumn_26.jpg,soft autumn
/Users/nithyapandurangan/Desktop/Colour-Analysis-Tool/flask/Dataset/Seasons/true_winter_29.jpg,true winter
/Users/nithyapandurangan/Desktop/Colour-Analysis-Tool/flask/Dataset/Seasons/dark_autumn_73.jpg,dark autumn
/Users/nithyapandurangan/Desktop/Colour-Analysis-Tool/flask/Dataset/Seasons/soft_autumn_16.png,soft autumn
/Users/nithyapandurangan/Desktop/Colour-Analysis-Tool/flask/Dataset/Seasons/dark_autumn_5.jpg,dark autumn
/Users/nithyapandurangan/Desktop/Colour-Analysis-Tool/flask/Dataset/Seasons/soft_autumn_75.jpg,soft autumn
/Users/nithyapandurangan/Desktop/Colour-Analysis-Tool/flask/Dataset/Seasons/light_spring_28.jpg,light spring
/Users/nithyapandurangan/Desktop/Colour-Analysis-Tool/flask/Dataset/Seasons/bright_spring_45.jpg,bright spring
/Users/nithyapandurangan/Desktop/Colour-Analysis-Tool/flask/Dataset/Seasons/true_autumn_60.jpg,true autumn
/Users/nithyapandurangan/Desktop/Colour-Analysis-Tool/flask/Dataset/Seasons/true_spring_6.jpg,true spring
/Users/nithyapandurangan/Desktop/Colour-Analysis-Tool/flask/Dataset/Seasons/bright_spring_51.jpg,bright spring
/Users/nithyapandurangan/Desktop/Colour-Analysis-Tool/flask/Dataset/Seasons/dark_autumn_66.jpg,dark autumn
/Users/nithyapandurangan/Desktop/Colour-Analysis-Tool/flask/Dataset/Seasons/soft_autumn_35.jpg,soft autumn
/Users/nithyapandurangan/Desktop/Colour-Analysis-Tool/flask/Dataset/Seasons/dark_winter_33.jpg,dark winter
/Users/nithyapandurangan/Desktop/Colour-Analysis-Tool/flask/Dataset/Seasons/light_spring_7.jpg,light spring
/Users/nithyapandurangan/Desktop/Colour-Analysis-Tool/flask/Dataset/Seasons/soft_autumn_53.jpg,soft autumn
/Users/nithyapandurangan/Desktop/Colour-Analysis-Tool/flask/Dataset/Seasons/true_spring_33.jpeg,true spring
/Users/nithyapandurangan/Desktop/Colour-Analysis-Tool/flask/Dataset/Seasons/light_spring_27.jpg,light spring
/Users/nithyapandurangan/Desktop/Colour-Analysis-Tool/flask/Dataset/Seasons/light_summer_29.jpg,light summer
/Users/nithyapandurangan/Desktop/Colour-Analysis-Tool/flask/Dataset/Seasons/soft_autumn_62.jpg,soft autumn
/Users/nithyapandurangan/Desktop/Colour-Analysis-Tool/flask/Dataset/Seasons/true_winter_10.jpg,true winter
/Users/nithyapandurangan/Desktop/Colour-Analysis-Tool/flask/Dataset/Seasons/light_summer_54.jpg,light summer
/Users/nithyapandurangan/Desktop/Colour-Analysis-Tool/flask/Dataset/Seasons/dark_winter_12.jpg,dark winter
/Users/nithyapandurangan/Desktop/Colour-Analysis-Tool/flask/Dataset/Seasons/true_spring_8.jpg,true spring
/Users/nithyapandurangan/Desktop/Colour-Analysis-Tool/flask/Dataset/Seasons/light_spring_34.jpg,light spring
/Users/nithyapandurangan/Desktop/Colour-Analysis-Tool/flask/Dataset/Seasons/bright_winter_5.jpg,bright winter
/Users/nithyapandurangan/Desktop/Colour-Analysis-Tool/flask/Dataset/Seasons/true_autumn_80.jpg,true autumn
/Users/nithyapandurangan/Desktop/Colour-Analysis-Tool/flask/Dataset/Seasons/soft_autumn_30.jpg,soft autumn
/Users/nithyapandurangan/Desktop/Colour-Analysis-Tool/flask/Dataset/Seasons/true_summer_26.jpg,true summer
/Users/nithyapandurangan/Desktop/Colour-Analysis-Tool/flask/Dataset/Seasons/light_spring_26.jpg,light spring
/Users/nithyapandurangan/Desktop/Colour-Analysis-Tool/flask/Dataset/Seasons/dark_autumn_52.jpg,dark autumn
/Users/nithyapandurangan/Desktop/Colour-Analysis-Tool/flask/Dataset/Seasons/true_summer_22.png,true summer
/Users/nithyapandurangan/Desktop/Colour-Analysis-Tool/flask/Dataset/Seasons/dark_autumn_57.jpg,dark autumn
/Users/nithyapandurangan/Desktop/Colour-Analysis-Tool/flask/Dataset/Seasons/light_spring_1.jpg,light spring
/Users/nithyapandurangan/Desktop/Colour-Analysis-Tool/flask/Dataset/Seasons/light_spring_4.jpg,light spring
/Users/nithyapandurangan/Desktop/Colour-Analysis-Tool/flask/Dataset/Seasons/true_autumn_31.jpg,true autumn
/Users/nithyapandurangan/Desktop/Colour-Analysis-Tool/flask/Dataset/Seasons/dark_winter_26.jpg,dark winter
/Users/nithyapandurangan/Desktop/Colour-Analysis-Tool/flask/Dataset/Seasons/light_spring_13.jpg,light spring
/Users/nithyapandurangan/Desktop/Colour-Analysis-Tool/flask/Dataset/Seasons/true_winter_16.png,true winter
/Users/nithyapandurangan/Desktop/Colour-Analysis-Tool/flask/Dataset/Seasons/bright_winter_8.jpg,bright winter
/Users/nithyapandurangan/Desktop/Colour-Analysis-Tool/flask/Dataset/Seasons/soft_autumn_63.jpg,soft autumn
/Users/nithyapandurangan/Desktop/Colour-Analysis-Tool/flask/Dataset/Seasons/soft_autumn_56.jpg,soft autumn
/Users/nithyapandurangan/Desktop/Colour-Analysis-Tool/flask/Dataset/Seasons/soft_autumn_34.jpg,soft autumn
/Users/nithyapandurangan/Desktop/Colour-Analysis-Tool/flask/Dataset/Seasons/true_autumn_40.jpg,true autumn
/Users/nithyapandurangan/Desktop/Colour-Analysis-Tool/flask/Dataset/Seasons/soft_autumn_31.jpg,soft autumn
/Users/nithyapandurangan/Desktop/Colour-Analysis-Tool/flask/Dataset/Seasons/soft_summer_29.jpg,soft summer
/Users/nithyapandurangan/Desktop/Colour-Analysis-Tool/flask/Dataset/Seasons/true_autumn_75.jpg,true autumn
/Users/nithyapandurangan/Desktop/Colour-Analysis-Tool/flask/Dataset/Seasons/bright_spring_12.jpg,bright spring
/Users/nithyapandurangan/Desktop/Colour-Analysis-Tool/flask/Dataset/Seasons/true_winter_22.jpg,true winter
/Users/nithyapandurangan/Desktop/Colour-Analysis-Tool/flask/Dataset/Seasons/dark_autumn_43.png,dark autumn
/Users/nithyapandurangan/Desktop/Colour-Analysis-Tool/flask/Dataset/Seasons/soft_summer_47.jpg,soft summer
/Users/nithyapandurangan/Desktop/Colour-Analysis-Tool/flask/Dataset/Seasons/bright_winter_34.jpg,bright winter
/Users/nithyapandurangan/Desktop/Colour-Analysis-Tool/flask/Dataset/Seasons/true_winter_5.jpg,true winter
/Users/nithyapandurangan/Desktop/Colour-Analysis-Tool/flask/Dataset/Seasons/true_autumn_53.jpg,true autumn
/Users/nithyapandurangan/Desktop/Colour-Analysis-Tool/flask/Dataset/Seasons/bright_spring_6.jpg,bright spring
/Users/nithyapandurangan/Desktop/Colour-Analysis-Tool/flask/Dataset/Seasons/true_summer_21.jpg,true summer
/Users/nithyapandurangan/Desktop/Colour-Analysis-Tool/flask/Dataset/Seasons/soft_summer_16.jpg,soft summer
/Users/nithyapandurangan/Desktop/Colour-Analysis-Tool/flask/Dataset/Seasons/bright_spring_46.jpg,bright spring
/Users/nithyapandurangan/Desktop/Colour-Analysis-Tool/flask/Dataset/Seasons/soft_autumn_43.jpg,soft autumn
/Users/nithyapandurangan/Desktop/Colour-Analysis-Tool/flask/Dataset/Seasons/true_winter_15.jpg,true winter
/Users/nithyapandurangan/Desktop/Colour-Analysis-Tool/flask/Dataset/Seasons/dark_winter_38.jpg,dark winter
/Users/nithyapandurangan/Desktop/Colour-Analysis-Tool/flask/Dataset/Seasons/soft_autumn_10.jpg,soft autumn
/Users/nithyapandurangan/Desktop/Colour-Analysis-Tool/flask/Dataset/Seasons/true_autumn_69.jpg,true autumn
/Users/nithyapandurangan/Desktop/Colour-Analysis-Tool/flask/Dataset/Seasons/true_winter_19.jpg,true winter
/Users/nithyapandurangan/Desktop/Colour-Analysis-Tool/flask/Dataset/Seasons/true_autumn_42.jpg,true autumn
/Users/nithyapandurangan/Desktop/Colour-Analysis-Tool/flask/Dataset/Seasons/soft_summer_27.jpg,soft summer
/Users/nithyapandurangan/Desktop/Colour-Analysis-Tool/flask/Dataset/Seasons/true_autumn_41.jpg,true autumn
/Users/nithyapandurangan/Desktop/Colour-Analysis-Tool/flask/Dataset/Seasons/true_autumn_33.jpg,true autumn
/Users/nithyapandurangan/Desktop/Colour-Analysis-Tool/flask/Dataset/Seasons/soft_summer_17.jpg,soft summer
/Users/nithyapandurangan/Desktop/Colour-Analysis-Tool/flask/Dataset/Seasons/light_spring_30.jpg,light spring
/Users/nithyapandurangan/Desktop/Colour-Analysis-Tool/flask/Dataset/Seasons/bright_spring_17.jpg,bright spring
/Users/nithyapandurangan/Desktop/Colour-Analysis-Tool/flask/Dataset/Seasons/dark_autumn_49.jpg,dark autumn
/Users/nithyapandurangan/Desktop/Colour-Analysis-Tool/flask/Dataset/Seasons/light_summer_28.jpg,light summer
/Users/nithyapandurangan/Desktop/Colour-Analysis-Tool/flask/Dataset/Seasons/light_spring_38.jpg,light spring
/Users/nithyapandurangan/Desktop/Colour-Analysis-Tool/flask/Dataset/Seasons/dark_winter_41.jpg,dark winter
/Users/nithyapandurangan/Desktop/Colour-Analysis-Tool/flask/Dataset/Seasons/bright_spring_7.jpg,bright spring
/Users/nithyapandurangan/Desktop/Colour-Analysis-Tool/flask/Dataset/Seasons/bright_spring_31.jpg,bright spring
/Users/nithyapandurangan/Desktop/Colour-Analysis-Tool/flask/Dataset/Seasons/true_autumn_5.jpg,true autumn
/Users/nithyapandurangan/Desktop/Colour-Analysis-Tool/flask/Dataset/Seasons/true_spring_41.jpg,true spring
/Users/nithyapandurangan/Desktop/Colour-Analysis-Tool/flask/Dataset/Seasons/true_autumn_82.jpg,true autumn
/Users/nithyapandurangan/Desktop/Colour-Analysis-Tool/flask/Dataset/Seasons/dark_winter_29.jpg,dark winter
/Users/nithyapandurangan/Desktop/Colour-Analysis-Tool/flask/Dataset/Seasons/dark_winter_36.jpg,dark winter
/Users/nithyapandurangan/Desktop/Colour-Analysis-Tool/flask/Dataset/Seasons/soft_autumn_51.jpg,soft autumn
/Users/nithyapandurangan/Desktop/Colour-Analysis-Tool/flask/Dataset/Seasons/true_winter_7.jpg,true winter
/Users/nithyapandurangan/Desktop/Colour-Analysis-Tool/flask/Dataset/Seasons/light_summer_35.jpg,light summer
/Users/nithyapandurangan/Desktop/Colour-Analysis-Tool/flask/Dataset/Seasons/light_spring_31.jpg,light spring
/Users/nithyapandurangan/Desktop/Colour-Analysis-Tool/flask/Dataset/Seasons/bright_spring_33.jpg,bright spring
/Users/nithyapandurangan/Desktop/Colour-Analysis-Tool/flask/Dataset/Seasons/light_spring_22.jpg,light spring
/Users/nithyapandurangan/Desktop/Colour-Analysis-Tool/flask/Dataset/Seasons/bright_spring_29.png,bright spring
/Users/nithyapandurangan/Desktop/Colour-Analysis-Tool/flask/Dataset/Seasons/soft_summer_41.jpg,soft summer
/Users/nithyapandurangan/Desktop/Colour-Analysis-Tool/flask/Dataset/Seasons/soft_autumn_25.jpg,soft autumn
/Users/nithyapandurangan/Desktop/Colour-Analysis-Tool/flask/Dataset/Seasons/light_spring_32.jpg,light spring
/Users/nithyapandurangan/Desktop/Colour-Analysis-Tool/flask/Dataset/Seasons/soft_summer_31.jpg,soft summer
/Users/nithyapandurangan/Desktop/Colour-Analysis-Tool/flask/Dataset/Seasons/dark_winter_71.jpg,dark winter
/Users/nithyapandurangan/Desktop/Colour-Analysis-Tool/flask/Dataset/Seasons/dark_autumn_39.jpg,dark autumn
/Users/nithyapandurangan/Desktop/Colour-Analysis-Tool/flask/Dataset/Seasons/true_autumn_15.jpg,true autumn
/Users/nithyapandurangan/Desktop/Colour-Analysis-Tool/flask/Dataset/Seasons/bright_spring_24.jpg,bright spring
/Users/nithyapandurangan/Desktop/Colour-Analysis-Tool/flask/Dataset/Seasons/dark_winter_2.jpg,dark winter
/Users/nithyapandurangan/Desktop/Colour-Analysis-Tool/flask/Dataset/Seasons/true_spring_14.jpg,true spring
/Users/nithyapandurangan/Desktop/Colour-Analysis-Tool/flask/Dataset/Seasons/bright_winter_31.jpg,bright winter
/Users/nithyapandurangan/Desktop/Colour-Analysis-Tool/flask/Dataset/Seasons/bright_winter_16.jpg,bright winter
/Users/nithyapandurangan/Desktop/Colour-Analysis-Tool/flask/Dataset/Seasons/bright_spring_4.jpg,bright spring
/Users/nithyapandurangan/Desktop/Colour-Analysis-Tool/flask/Dataset/Seasons/soft_summer_14.jpg,soft summer
/Users/nithyapandurangan/Desktop/Colour-Analysis-Tool/flask/Dataset/Seasons/dark_winter_27.jpg,dark winter
/Users/nithyapandurangan/Desktop/Colour-Analysis-Tool/flask/Dataset/Seasons/dark_autumn_20.jpg,dark autumn
/Users/nithyapandurangan/Desktop/Colour-Analysis-Tool/flask/Dataset/Seasons/true_autumn_52.jpg,true autumn
/Users/nithyapandurangan/Desktop/Colour-Analysis-Tool/flask/Dataset/Seasons/light_summer_43.jpg,light summer
/Users/nithyapandurangan/Desktop/Colour-Analysis-Tool/flask/Dataset/Seasons/true_winter_47.jpg,true winter
/Users/nithyapandurangan/Desktop/Colour-Analysis-Tool/flask/Dataset/Seasons/dark_autumn_15.jpg,dark autumn
/Users/nithyapandurangan/Desktop/Colour-Analysis-Tool/flask/Dataset/Seasons/true_winter_1.jpg,true winter
/Users/nithyapandurangan/Desktop/Colour-Analysis-Tool/flask/Dataset/Seasons/dark_winter_51.jpg,dark winter
/Users/nithyapandurangan/Desktop/Colour-Analysis-Tool/flask/Dataset/Seasons/soft_summer_42.jpg,soft summer
/Users/nithyapandurangan/Desktop/Colour-Analysis-Tool/flask/Dataset/Seasons/bright_winter_4.jpg,bright winter
/Users/nithyapandurangan/Desktop/Colour-Analysis-Tool/flask/Dataset/Seasons/dark_winter_7.jpg,dark winter
/Users/nithyapandurangan/Desktop/Colour-Analysis-Tool/flask/Dataset/Seasons/dark_autumn_7.png,dark autumn
/Users/nithyapandurangan/Desktop/Colour-Analysis-Tool/flask/Dataset/Seasons/bright_winter_27.jpg,bright winter
/Users/nithyapandurangan/Desktop/Colour-Analysis-Tool/flask/Dataset/Seasons/true_summer_4.jpg,true summer
/Users/nithyapandurangan/Desktop/Colour-Analysis-Tool/flask/Dataset/Seasons/bright_winter_29.png,bright winter
/Users/nithyapandurangan/Desktop/Colour-Analysis-Tool/flask/Dataset/Seasons/true_autumn_50.jpg,true autumn
/Users/nithyapandurangan/Desktop/Colour-Analysis-Tool/flask/Dataset/Seasons/light_summer_49.jpeg,light summer
/Users/nithyapandurangan/Desktop/Colour-Analysis-Tool/flask/Dataset/Seasons/soft_summer_7.jpg,soft summer
/Users/nithyapandurangan/Desktop/Colour-Analysis-Tool/flask/Dataset/Seasons/light_spring_42.jpg,light spring
/Users/nithyapandurangan/Desktop/Colour-Analysis-Tool/flask/Dataset/Seasons/light_spring_39.jpg,light spring
/Users/nithyapandurangan/Desktop/Colour-Analysis-Tool/flask/Dataset/Seasons/soft_summer_4.jpg,soft summer
/Users/nithyapandurangan/Desktop/Colour-Analysis-Tool/flask/Dataset/Seasons/dark_winter_62.jpg,dark winter
/Users/nithyapandurangan/Desktop/Colour-Analysis-Tool/flask/Dataset/Seasons/true_autumn_70.jpg,true autumn
/Users/nithyapandurangan/Desktop/Colour-Analysis-Tool/flask/Dataset/Seasons/bright_winter_42.jpg,bright winter
/Users/nithyapandurangan/Desktop/Colour-Analysis-Tool/flask/Dataset/Seasons/true_autumn_21.jpg,true autumn
/Users/nithyapandurangan/Desktop/Colour-Analysis-Tool/flask/Dataset/Seasons/true_autumn_22.jpg,true autumn
/Users/nithyapandurangan/Desktop/Colour-Analysis-Tool/flask/Dataset/Seasons/dark_autumn_32.png,dark autumn
/Users/nithyapandurangan/Desktop/Colour-Analysis-Tool/flask/Dataset/Seasons/true_spring_56.jpg,true spring
/Users/nithyapandurangan/Desktop/Colour-Analysis-Tool/flask/Dataset/Seasons/true_autumn_2.jpg,true autumn
/Users/nithyapandurangan/Desktop/Colour-Analysis-Tool/flask/Dataset/Seasons/soft_summer_48.jpg,soft summer
/Users/nithyapandurangan/Desktop/Colour-Analysis-Tool/flask/Dataset/Seasons/true_autumn_86.jpg,true autumn
/Users/nithyapandurangan/Desktop/Colour-Analysis-Tool/flask/Dataset/Seasons/soft_summer_25.png,soft summer
/Users/nithyapandurangan/Desktop/Colour-Analysis-Tool/flask/Dataset/Seasons/soft_summer_19.jpg,soft summer
/Users/nithyapandurangan/Desktop/Colour-Analysis-Tool/flask/Dataset/Seasons/true_spring_24.jpg,true spring
